CustomerID,Actual Churn,Churn Probability,Predicted Churn,Risk Level
3668-QPYBK,1,28.77,0,Low Risk
9237-HQITU,1,46.33,0,Medium Risk
9305-CDSKC,1,43.6,0,Medium Risk
7892-POOKP,1,51.33,1,Medium Risk
0280-XJGEX,1,11.73,0,Low Risk
4190-MFLUW,1,43.4,0,Medium Risk
8779-QRDMV,1,69.25,1,High Risk
1066-JKSGK,1,40.35,0,Medium Risk
6467-CHFZW,1,42.5,0,Medium Risk
8665-UTDHZ,1,75.86,1,High Risk
8773-HHUOZ,1,56.2,1,Medium Risk
6047-YHPVI,1,28.71,0,Low Risk
5380-WJKOV,1,23.55,0,Low Risk
8168-UQWWF,1,45.14,0,Medium Risk
7760-OYPDY,1,62.98,1,High Risk
9420-LOJKX,1,14.66,0,Low Risk
7495-OOKFY,1,22.52,0,Low Risk
1658-BYGOY,1,27.83,0,Low Risk
5698-BQJOH,1,15.08,0,Low Risk
5919-TMRGD,1,60.09,1,High Risk
9191-MYQKX,1,37.83,0,Medium Risk
8637-XJIVR,1,34.26,0,Medium Risk
0278-YXOOG,1,18.82,0,Low Risk
4598-XLKNJ,1,40.03,0,Medium Risk
3192-NQECA,1,10.88,0,Low Risk
0486-HECZI,1,8.92,0,Low Risk
4846-WHAFZ,1,16.04,0,Low Risk
5299-RULOA,1,39.76,0,Medium Risk
0404-SWRVG,1,59.57,1,Medium Risk
4412-YLTKF,1,38.53,0,Medium Risk
6207-WIOLX,1,24.56,0,Low Risk
3091-FYHKI,1,77.84,1,High Risk
2372-HWUHI,1,74.7,1,High Risk
0390-DCFDQ,1,22.2,0,Low Risk
4080-OGPJL,1,30.48,0,Medium Risk
2135-RXIHG,1,51.56,1,Medium Risk
3874-EQOEP,1,47.1,0,Medium Risk
0867-MKZVY,1,12.45,0,Low Risk
3376-BMGFE,1,30.78,0,Medium Risk
3445-HXXGF,1,26.84,0,Low Risk
1875-QIVME,1,82.26,1,High Risk
0691-JVSYA,1,19.9,0,Low Risk
2656-FMOKZ,1,31.05,0,Medium Risk
2070-FNEXE,1,13.36,0,Low Risk
6317-YPKDH,1,39.49,0,Medium Risk
9367-WXLCH,1,30.6,0,Medium Risk
1918-ZBFQJ,1,29.33,0,Low Risk
1024-GUALD,1,80.79,1,High Risk
2472-OVKUP,1,39.43,0,Medium Risk
1285-OKIPP,1,54.63,1,Medium Risk
7825-ECJRF,1,23.86,0,Low Risk
7841-TZDMQ,1,49.75,0,Medium Risk
9408-SSNVZ,1,46.7,0,Medium Risk
0742-MOABM,1,44.54,0,Medium Risk
2232-DMLXU,1,51.91,1,Medium Risk
8937-RDTHP,1,15.55,0,Low Risk
1251-KRREG,1,78.76,1,High Risk
0094-OIFMO,1,58.98,1,Medium Risk
9947-OTFQU,1,57.56,1,Medium Risk
0322-YINQP,1,38.92,0,Medium Risk
4629-NRXKX,1,70.1,1,High Risk
9514-JDSKI,1,86.84,1,High Risk
4959-JOSRX,1,67.74,1,High Risk
7273-TEFQD,1,88.95,1,High Risk
3606-TWKGI,1,86.47,1,High Risk
6323-AYBRX,1,0.4,0,Low Risk
4385-GZQXV,1,67.92,1,High Risk
6366-ZGQGL,1,53.0,1,Medium Risk
5940-AHUHD,1,65.32,1,High Risk
6432-TWQLB,1,84.57,1,High Risk
4484-GLZOU,1,90.11,1,High Risk
9512-UIBFX,1,44.66,0,Medium Risk
5583-SXDAG,1,76.58,1,High Risk
3488-PGMQJ,1,78.08,1,High Risk
3580-REOAC,1,43.94,0,Medium Risk
7534-BFESC,1,52.84,1,Medium Risk
6390-DSAZX,1,69.6,1,High Risk
8098-LLAZX,1,86.07,1,High Risk
0265-EDXBD,1,70.08,1,High Risk
7563-BIUPC,1,66.52,1,High Risk
2321-OMBXY,1,17.69,0,Low Risk
2840-XANRC,1,86.69,1,High Risk
5020-ZSTTY,1,7.27,0,Low Risk
5804-LEPIM,1,79.71,1,High Risk
0122-OAHPZ,1,89.99,1,High Risk
2868-SNELZ,1,70.93,1,High Risk
4322-RCYMT,1,13.6,0,Low Risk
6680-NENYN,1,50.48,1,Medium Risk
1343-EHPYB,1,50.14,1,Medium Risk
2034-GDRCN,1,84.75,1,High Risk
0219-YTZUE,1,84.44,1,High Risk
0623-IIHUG,1,70.27,1,High Risk
4572-DVCGN,1,69.48,1,High Risk
9057-MSWCO,1,50.09,1,Medium Risk
1010-DIAUQ,1,74.3,1,High Risk
0259-GBZSH,1,88.75,1,High Risk
9601-BRXPO,1,88.11,1,High Risk
6905-NIQIN,1,55.27,1,Medium Risk
5167-ZFFMM,1,75.08,1,High Risk
4895-TMWIR,1,31.54,0,Medium Risk
0533-BNWKF,1,68.39,1,High Risk
6599-CEBNN,1,31.37,0,Medium Risk
0979-PHULV,1,47.38,0,Medium Risk
4800-VHZKI,1,45.63,0,Medium Risk
7989-CHGTL,1,61.31,1,High Risk
0334-GDDSO,1,88.9,1,High Risk
0578-SKVMF,1,88.44,1,High Risk
5564-NEMQO,1,71.88,1,High Risk
9063-ZGTUY,1,4.21,0,Low Risk
2957-LOLHO,1,53.01,1,Medium Risk
7752-XUSCI,1,41.62,0,Medium Risk
4110-PFEUZ,1,45.96,0,Medium Risk
0256-LTHVJ,1,75.17,1,High Risk
0880-TKATG,1,83.61,1,High Risk
3811-VBYBZ,1,82.01,1,High Risk
4640-UHDOS,1,36.93,0,Medium Risk
3583-EKAPL,1,58.03,1,Medium Risk
9399-APLBT,1,62.94,1,High Risk
2359-KMGLI,1,92.79,1,High Risk
0306-JAELE,1,80.41,1,High Risk
6227-HWPWX,1,27.85,0,Low Risk
0447-BEMNG,1,34.88,0,Medium Risk
5949-XIKAE,1,89.54,1,High Risk
8372-JUXUI,1,81.87,1,High Risk
0388-EOPEX,1,66.7,1,High Risk
8205-OTCHB,1,24.29,0,Low Risk
6235-VDHOM,1,55.49,1,Medium Risk
7783-YKGDV,1,59.79,1,Medium Risk
5609-CEBID,1,60.7,1,High Risk
7218-HKQFK,1,87.55,1,High Risk
4636-QRJKY,1,78.42,1,High Risk
5956-VKDTT,1,83.62,1,High Risk
9412-GHEEC,1,35.93,0,Medium Risk
0257-ZESQC,1,30.24,0,Medium Risk
6825-UYPFK,1,35.87,0,Medium Risk
8397-MVTAZ,1,58.8,1,Medium Risk
9282-IZGQK,1,63.37,1,High Risk
1342-JPNKI,1,71.74,1,High Risk
2817-NTQDO,1,56.26,1,Medium Risk
6986-IJDHX,1,62.77,1,High Risk
5301-GAUUY,1,24.87,0,Low Risk
0939-YAPAF,1,70.27,1,High Risk
4710-FDUIZ,1,32.8,0,Medium Risk
1218-VKFPE,1,4.73,0,Low Risk
3627-FHKBK,1,23.18,0,Low Risk
2865-TCHJW,1,67.57,1,High Risk
5192-EBGOV,1,93.82,1,High Risk
0719-SYFRB,1,23.55,0,Low Risk
3419-SNJJD,1,45.75,0,Medium Risk
6543-CPZMK,1,72.94,1,High Risk
4765-OXPPD,1,35.02,0,Medium Risk
1009-IRMNA,1,20.13,0,Low Risk
4554-YGZIH,1,56.56,1,Medium Risk
5099-BAILX,1,70.0,1,High Risk
7207-RMRDB,1,83.66,1,High Risk
4913-EHYUI,1,37.24,0,Medium Risk
0195-IESCP,1,80.26,1,High Risk
4580-TMHJU,1,55.52,1,Medium Risk
0970-ETWGE,1,91.08,1,High Risk
1626-ERCMM,1,92.53,1,High Risk
0887-HJGAR,1,64.09,1,High Risk
5644-PDMZC,1,77.32,1,High Risk
9576-ANLXO,1,31.49,0,Medium Risk
2024-BASKD,1,87.26,1,High Risk
4160-AMJTL,1,14.42,0,Low Risk
4464-JCOLN,1,15.18,0,Low Risk
5650-VDUDS,1,66.58,1,High Risk
7538-GWHML,1,79.17,1,High Risk
3859-CVCET,1,37.98,0,Medium Risk
3276-HDUEG,1,86.97,1,High Risk
0823-HSCDJ,1,35.11,0,Medium Risk
0822-GAVAP,1,60.82,1,High Risk
1448-PWKYE,1,81.15,1,High Risk
0067-DKWBL,1,69.54,1,High Risk
2276-YDAVZ,1,71.91,1,High Risk
5896-NPFWW,1,71.1,1,High Risk
7133-VBDCG,1,23.5,0,Low Risk
1029-QFBEN,1,28.53,0,Low Risk
4952-YSOGZ,1,94.54,1,High Risk
1589-AGTLK,1,78.13,1,High Risk
5244-IRFIH,1,84.46,1,High Risk
2684-EIWEO,1,54.35,1,Medium Risk
6439-GTPCA,1,55.42,1,Medium Risk
5138-WVKYJ,1,78.98,1,High Risk
6683-VLCTZ,1,93.04,1,High Risk
2189-WWOEW,1,62.63,1,High Risk
1894-IGFSG,1,66.15,1,High Risk
7379-POKDZ,1,83.31,1,High Risk
0236-HFWSV,1,85.97,1,High Risk
3900-AQPHZ,1,38.33,0,Medium Risk
5842-POCOP,1,55.49,1,Medium Risk
2037-XJFUP,1,48.71,0,Medium Risk
7314-OXENN,1,82.54,1,High Risk
0322-CHQRU,1,67.29,1,High Risk
4678-DVQEO,1,39.59,0,Medium Risk
0691-IFBQW,1,44.57,0,Medium Risk
3009-JWMPU,1,28.05,0,Low Risk
1450-GALXR,1,62.31,1,High Risk
3138-BKYAV,1,63.25,1,High Risk
4289-DTDKW,1,76.65,1,High Risk
1820-TQVEV,1,90.27,1,High Risk
2239-JALAW,1,34.06,0,Medium Risk
4853-RULSV,1,6.38,0,Low Risk
6275-YDUVO,1,78.43,1,High Risk
0115-TFERT,1,70.87,1,High Risk
2311-QYMUQ,1,42.84,0,Medium Risk
3643-AHCFP,1,78.27,1,High Risk
3104-OWCGK,1,27.02,0,Low Risk
9101-BWFSS,1,16.31,0,Low Risk
9231-ZJYAM,1,81.81,1,High Risk
6982-SSHFK,1,36.24,0,Medium Risk
0727-BMPLR,1,50.46,1,Medium Risk
1038-ZAGBI,1,23.76,0,Low Risk
3027-ZTDHO,1,78.85,1,High Risk
2382-BCKQJ,1,39.57,0,Medium Risk
2207-NHRJK,1,60.65,1,High Risk
0947-MUGVO,1,76.01,1,High Risk
9944-HKVVB,1,79.1,1,High Risk
4124-MMETB,1,74.01,1,High Risk
3671-SHRSP,1,76.58,1,High Risk
3313-QKNKB,1,17.38,0,Low Risk
5073-WXOYN,1,39.37,0,Medium Risk
0207-MDKNV,1,73.91,1,High Risk
9851-KIELU,1,55.67,1,Medium Risk
3908-BLSYF,1,50.57,1,Medium Risk
7549-MYGPK,1,49.15,0,Medium Risk
3804-RVTGV,1,52.08,1,Medium Risk
9227-LUNBG,1,51.54,1,Medium Risk
4315-MURBD,1,61.61,1,High Risk
9734-YWGEX,1,72.31,1,High Risk
2719-BDAQO,1,51.37,1,Medium Risk
0781-LKXBR,1,81.12,1,High Risk
1907-UBQFC,1,69.38,1,High Risk
6513-EECDB,1,89.5,1,High Risk
7074-IEVOJ,1,86.14,1,High Risk
9625-QSTYE,1,63.12,1,High Risk
4750-ZRXIU,1,81.52,1,High Risk
6400-BWQKW,1,88.68,1,High Risk
6680-WKXRZ,1,68.48,1,High Risk
7028-DVOIQ,1,51.94,1,Medium Risk
4208-UFFGW,1,55.62,1,Medium Risk
9448-REEVD,1,49.72,0,Medium Risk
9117-SHLZX,1,66.08,1,High Risk
9889-TMAHG,1,73.58,1,High Risk
4541-RMRLG,1,26.84,0,Low Risk
3158-MOERK,1,91.21,1,High Risk
7294-TMAOP,1,71.11,1,High Risk
8919-FYFQZ,1,27.36,0,Low Risk
2834-JRTUA,1,27.08,0,Low Risk
5875-YPQFJ,1,80.64,1,High Risk
6646-QVXLR,1,28.5,0,Low Risk
8603-IJWDN,1,90.91,1,High Risk
9369-XFEHK,1,46.49,0,Medium Risk
3842-IYKUE,1,19.09,0,Low Risk
6641-XRPSU,1,42.41,0,Medium Risk
1374-DMZUI,1,81.83,1,High Risk
8357-EQXFO,1,79.66,1,High Risk
1989-PRJHP,1,74.57,1,High Risk
9524-EGPJC,1,70.35,1,High Risk
6993-OHLXR,1,78.95,1,High Risk
8818-XYFCQ,1,70.34,1,High Risk
4695-VADHF,1,19.61,0,Low Risk
3863-IUBJR,1,23.53,0,Low Risk
4822-RVYBB,1,86.24,1,High Risk
8436-BJUMM,1,83.91,1,High Risk
4184-TJFAN,1,58.48,1,Medium Risk
4145-UQXUQ,1,77.3,1,High Risk
9948-YPTDG,1,58.78,1,Medium Risk
1236-WFCDV,1,46.59,0,Medium Risk
4883-QICIH,1,58.09,1,Medium Risk
8329-IBCTI,1,43.15,0,Medium Risk
1271-SJBGZ,1,65.7,1,High Risk
5669-SRAIP,1,74.09,1,High Risk
5981-ITEMU,1,73.34,1,High Risk
6941-PMGEP,1,75.47,1,High Risk
1624-WOIWJ,1,55.98,1,Medium Risk
2074-GKOWZ,1,78.17,1,High Risk
0376-YMCJC,1,53.62,1,Medium Risk
0634-SZPQA,1,71.66,1,High Risk
5536-RTPWK,1,75.38,1,High Risk
6166-ILMNY,1,50.24,1,Medium Risk
3097-NNSPB,1,49.91,0,Medium Risk
0655-RBDUG,1,44.88,0,Medium Risk
4361-BKAXE,1,67.28,1,High Risk
9878-TNQGW,1,82.08,1,High Risk
4441-NIHPT,1,53.01,1,Medium Risk
8999-BOHSE,1,71.13,1,High Risk
7029-RPUAV,1,73.46,1,High Risk
4607-CHPCA,1,63.65,1,High Risk
8824-RWFXJ,1,41.68,0,Medium Risk
9763-PDTKK,1,57.1,1,Medium Risk
7627-JKIAZ,1,52.18,1,Medium Risk
4081-DYXAV,1,41.66,0,Medium Risk
8111-SLLHI,1,75.06,1,High Risk
0927-LCSMG,1,64.86,1,High Risk
8257-RZAHR,1,47.67,0,Medium Risk
5293-WXJAK,1,83.73,1,High Risk
0841-NULXI,1,76.47,1,High Risk
7851-WZEKY,1,84.95,1,High Risk
8844-TONUD,1,90.51,1,High Risk
4086-YQSNZ,1,88.44,1,High Risk
5868-CZJDR,1,60.51,1,High Risk
0135-NMXAP,1,76.24,1,High Risk
6270-OMFIW,1,25.15,0,Low Risk
0107-WESLM,1,37.1,0,Medium Risk
3992-YWPKO,1,76.75,1,High Risk
0125-LZQXK,1,70.82,1,High Risk
8399-YNDCH,1,51.11,1,Medium Risk
5673-FSSMF,1,89.95,1,High Risk
1579-KLYDT,1,86.06,1,High Risk
3927-NLNRY,1,29.36,0,Low Risk
6358-LYNGM,1,80.88,1,High Risk
5494-HECPR,1,82.18,1,High Risk
9824-BEMCV,1,72.5,1,High Risk
1373-ORVIZ,1,50.76,1,Medium Risk
9866-QEVEE,1,55.42,1,Medium Risk
9897-KXHCM,1,80.36,1,High Risk
7979-CORPM,1,63.02,1,High Risk
1618-CFHME,1,86.59,1,High Risk
3165-HDOEW,1,54.64,1,Medium Risk
6581-NQCBA,1,68.29,1,High Risk
1689-MRZQR,1,66.2,1,High Risk
5835-BEQEU,1,69.05,1,High Risk
5565-FILXA,1,85.97,1,High Risk
5552-ZNFSJ,1,71.46,1,High Risk
2223-KAGMX,1,32.0,0,Medium Risk
7321-PKUYW,1,61.54,1,High Risk
2833-SLKDQ,1,61.84,1,High Risk
7595-EUIVN,1,69.33,1,High Risk
2026-TGDHM,1,69.05,1,High Risk
4030-VPZBD,1,74.9,1,High Risk
4187-CINZD,1,44.64,0,Medium Risk
6818-WOBHJ,1,37.58,0,Medium Risk
2408-TZMJL,1,48.83,0,Medium Risk
9134-CEQMF,1,91.09,1,High Risk
7993-PYKOF,1,64.41,1,High Risk
5027-XWQHA,1,46.24,0,Medium Risk
4566-QVRRW,1,57.25,1,Medium Risk
8519-IMDHU,1,66.37,1,High Risk
0201-OAMXR,1,19.75,0,Low Risk
3372-KWFBM,1,83.49,1,High Risk
7831-QGOXH,1,81.01,1,High Risk
6393-WRYZE,1,87.13,1,High Risk
6599-RCLCJ,1,68.86,1,High Risk
9831-BPFRI,1,15.15,0,Low Risk
1725-MIMXW,1,38.5,0,Medium Risk
0031-PVLZI,1,35.04,0,Medium Risk
7206-GZCDC,1,71.59,1,High Risk
4791-QRGMF,1,55.81,1,Medium Risk
1768-ZAIFU,1,88.92,1,High Risk
4671-LXRDQ,1,40.0,0,Medium Risk
1934-SJVJK,1,76.06,1,High Risk
3838-OZURD,1,32.0,0,Medium Risk
9269-CQOOL,1,68.72,1,High Risk
2845-HSJCY,1,71.48,1,High Risk
1184-PJVDB,1,85.15,1,High Risk
9415-DPEWS,1,74.5,1,High Risk
7943-RQCHR,1,89.75,1,High Risk
3793-MMFUH,1,87.45,1,High Risk
3249-ZPQRG,1,73.68,1,High Risk
2568-BRGYX,1,63.83,1,High Risk
7721-JXEAW,1,57.64,1,Medium Risk
7249-WBIYX,1,83.87,1,High Risk
6567-HOOPW,1,86.92,1,High Risk
3164-AALRN,1,55.86,1,Medium Risk
3334-CTHOL,1,46.29,0,Medium Risk
4704-ERYFC,1,53.87,1,Medium Risk
8621-MNIHH,1,56.95,1,Medium Risk
0471-LVHGK,1,54.48,1,Medium Risk
9518-RWHZL,1,12.62,0,Low Risk
5419-CONWX,1,87.81,1,High Risk
6240-EURKS,1,77.02,1,High Risk
6960-HVYXR,1,66.37,1,High Risk
7024-OHCCK,1,83.53,1,High Risk
7861-UVUFT,1,77.02,1,High Risk
5357-TZHPP,1,67.61,1,High Risk
0680-DFNNY,1,87.83,1,High Risk
7767-UXAGJ,1,59.3,1,Medium Risk
1571-SAVHK,1,69.81,1,High Risk
9546-CQJSU,1,83.31,1,High Risk
0506-LVNGN,1,68.74,1,High Risk
2951-QOQTK,1,76.51,1,High Risk
3473-XIIIT,1,86.65,1,High Risk
7893-IXHRQ,1,24.9,0,Low Risk
2952-QAYZF,1,84.63,1,High Risk
4763-PGDPO,1,77.24,1,High Risk
5394-SVGJV,1,73.88,1,High Risk
9283-LZQOH,1,58.11,1,Medium Risk
7079-QRCBC,1,78.01,1,High Risk
5469-CTCWN,1,23.1,0,Low Risk
9851-QXEEQ,1,68.12,1,High Risk
9809-IMGCQ,1,84.71,1,High Risk
5208-HFSBT,1,38.38,0,Medium Risk
3254-YRILK,1,80.08,1,High Risk
2667-WYLWJ,1,24.36,0,Low Risk
0529-ONKER,1,59.85,1,Medium Risk
5240-IJOQT,1,81.33,1,High Risk
1092-GANHU,1,51.0,1,Medium Risk
0661-XEYAN,1,71.99,1,High Risk
7881-EVUAD,1,48.52,0,Medium Risk
5766-XQXMQ,1,39.81,0,Medium Risk
3703-VAVCL,1,77.53,1,High Risk
8519-QJGJD,1,79.65,1,High Risk
6326-MTTXK,1,82.84,1,High Risk
0330-IVZHA,1,47.39,0,Medium Risk
2886-KEFUM,1,56.07,1,Medium Risk
4237-RLAQD,1,45.43,0,Medium Risk
9651-GTSAQ,1,33.76,0,Medium Risk
3186-BAXNB,1,58.59,1,Medium Risk
0637-YLETY,1,68.98,1,High Risk
1157-BQCUW,1,76.04,1,High Risk
2660-EMUBI,1,90.9,1,High Risk
7675-OZCZG,1,71.62,1,High Risk
2003-CKLOR,1,38.57,0,Medium Risk
9254-RBFON,1,18.17,0,Low Risk
1205-WNWPJ,1,34.57,0,Medium Risk
9391-EOYLI,1,88.72,1,High Risk
8387-MOJJT,1,40.71,0,Medium Risk
2761-OCIAX,1,72.42,1,High Risk
3068-OMWZA,1,74.69,1,High Risk
6032-KRXXO,1,75.11,1,High Risk
7459-RRWQZ,1,39.16,0,Medium Risk
4154-AQUGT,1,50.0,0,Medium Risk
3092-IGHWF,1,10.8,0,Low Risk
8017-LXHFA,1,53.56,1,Medium Risk
6352-TWCAU,1,81.08,1,High Risk
2929-QNSRW,1,72.9,1,High Risk
1262-OPMFY,1,67.56,1,High Risk
4248-QPAVC,1,41.85,0,Medium Risk
1899-VXWXM,1,21.74,0,Low Risk
4690-LLKUA,1,37.4,0,Medium Risk
3331-HQDTW,1,51.9,1,Medium Risk
9490-DFPMD,1,69.96,1,High Risk
5442-XSDCW,1,57.85,1,Medium Risk
3049-NDXFL,1,87.66,1,High Risk
8580-AECUZ,1,94.05,1,High Risk
7963-GQRMY,1,68.77,1,High Risk
1228-FZFRV,1,49.95,0,Medium Risk
2058-DCJBE,1,67.32,1,High Risk
5364-XYIRR,1,70.22,1,High Risk
4829-AUOAX,1,39.75,0,Medium Risk
5047-LHVLY,1,67.31,1,High Risk
9158-VCTQB,1,51.62,1,Medium Risk
6311-UEUME,1,59.67,1,Medium Risk
6839-ITVZJ,1,39.58,0,Medium Risk
0375-HVGXO,1,77.46,1,High Risk
8593-WHYHV,1,75.39,1,High Risk
6097-EQISJ,1,33.15,0,Medium Risk
4423-YLHDV,1,68.79,1,High Risk
0107-YHINA,1,91.58,1,High Risk
8640-SDGKB,1,59.32,1,Medium Risk
4116-TZAQJ,1,39.73,0,Medium Risk
3877-JRJIP,1,55.93,1,Medium Risk
8375-DKEBR,1,68.58,1,High Risk
7511-YMXVQ,1,85.46,1,High Risk
7551-JOHTI,1,23.81,0,Low Risk
9804-ICWBG,1,75.43,1,High Risk
5318-IXUZF,1,53.17,1,Medium Risk
3198-VELRD,1,87.08,1,High Risk
9436-ZBZCT,1,80.68,1,High Risk
7279-BUYWN,1,55.89,1,Medium Risk
7156-MHUGY,1,86.64,1,High Risk
7198-GLXTC,1,76.7,1,High Risk
0516-VRYBW,1,14.66,0,Low Risk
8380-PEFPE,1,59.31,1,Medium Risk
5687-DKDTV,1,34.74,0,Medium Risk
7530-HDYDS,1,47.9,0,Medium Risk
3096-IZETN,1,67.69,1,High Risk
5922-ABDVO,1,81.57,1,High Risk
9172-ANCRX,1,72.66,1,High Risk
6910-HADCM,1,77.52,1,High Risk
4816-LXZYW,1,78.26,1,High Risk
9606-PBKBQ,1,79.55,1,High Risk
3536-IQCTX,1,77.85,1,High Risk
4911-BANWH,1,53.68,1,Medium Risk
8496-EJAUI,1,80.02,1,High Risk
3132-TVFDZ,1,27.17,0,Low Risk
8080-DDEMJ,1,56.89,1,Medium Risk
6365-MTGZX,1,72.55,1,High Risk
1349-WXNGG,1,24.77,0,Low Risk
6990-YNRIO,1,4.56,0,Low Risk
0621-TWIEM,1,34.03,0,Medium Risk
2485-ITVKB,1,65.18,1,High Risk
3669-OYSJI,1,36.25,0,Medium Risk
1612-EOHDH,1,52.34,1,Medium Risk
6702-OHFWR,1,72.71,1,High Risk
4510-PYUSH,1,8.12,0,Low Risk
7517-SAWMO,1,57.93,1,Medium Risk
4143-HHPMK,1,59.8,1,Medium Risk
7054-LGEQW,1,37.8,0,Medium Risk
0923-PNFUB,1,36.66,0,Medium Risk
3494-JCHRQ,1,74.32,1,High Risk
6474-FVJLC,1,86.92,1,High Risk
8840-DQLGN,1,23.09,0,Low Risk
4547-LYTDD,1,85.02,1,High Risk
6770-XUAGN,1,67.13,1,High Risk
4193-ORFCL,1,58.76,1,Medium Risk
7776-QWNFX,1,22.44,0,Low Risk
6689-TCZHQ,1,66.42,1,High Risk
3143-ILDAL,1,56.15,1,Medium Risk
4720-VSTSI,1,40.37,0,Medium Risk
3946-MHCZW,1,42.27,0,Medium Risk
6651-AZVTJ,1,71.09,1,High Risk
4566-GOLUK,1,65.74,1,High Risk
2484-DGXPZ,1,42.78,0,Medium Risk
4587-NUKOX,1,74.01,1,High Risk
0420-BWTPW,1,51.17,1,Medium Risk
8183-ONMXC,1,69.49,1,High Risk
9614-RMGHA,1,40.59,0,Medium Risk
5054-IEXZT,1,71.78,1,High Risk
5834-ASPWA,1,88.8,1,High Risk
3948-XHGNA,1,14.3,0,Low Risk
0565-IYCGT,1,5.63,0,Low Risk
5445-UTODQ,1,90.28,1,High Risk
1024-VRZHF,1,74.91,1,High Risk
9497-QCMMS,1,82.35,1,High Risk
0348-SDKOL,1,22.76,0,Low Risk
4373-MAVJG,1,76.12,1,High Risk
8901-HJXTF,1,68.76,1,High Risk
5419-KLXBN,1,80.34,1,High Risk
3424-NMNBO,1,50.45,1,Medium Risk
4514-GFCFI,1,58.53,1,Medium Risk
9828-AOQLM,1,63.49,1,High Risk
8000-REIQB,1,84.51,1,High Risk
7615-ESMYF,1,81.16,1,High Risk
3858-VOBET,1,42.41,0,Medium Risk
1447-PJGGA,1,17.95,0,Low Risk
8565-CLBZW,1,65.49,1,High Risk
9139-WQQDY,1,44.93,0,Medium Risk
0224-HJAPT,1,74.39,1,High Risk
8086-OVPWV,1,82.69,1,High Risk
9430-FRQOC,1,71.33,1,High Risk
3074-GQWYX,1,88.95,1,High Risk
6845-RGTYS,1,61.49,1,High Risk
8861-HGGKB,1,72.25,1,High Risk
7065-YUNRY,1,54.16,1,Medium Risk
7694-VLBWQ,1,34.81,0,Medium Risk
4795-KTRTH,1,84.94,1,High Risk
6481-OGDOO,1,26.66,0,Low Risk
3753-TSEMP,1,72.38,1,High Risk
8305-VHZBZ,1,47.86,0,Medium Risk
9172-JITSM,1,89.85,1,High Risk
6298-QDFNH,1,63.72,1,High Risk
9961-JBNMK,1,55.78,1,Medium Risk
6173-ITPWD,1,56.69,1,Medium Risk
9734-UYXQI,1,70.64,1,High Risk
2189-UXTKY,1,37.04,0,Medium Risk
4958-GZWIY,1,77.37,1,High Risk
6356-ELRKD,1,65.56,1,High Risk
8624-GIOUT,1,34.87,0,Medium Risk
6179-GJPSO,1,24.45,0,Low Risk
3177-LASXD,1,69.56,1,High Risk
4897-QSUYC,1,15.0,0,Low Risk
1084-UQCHV,1,70.71,1,High Risk
8290-YWKHZ,1,87.18,1,High Risk
2955-BJZHG,1,65.46,1,High Risk
3806-DXQOM,1,44.52,0,Medium Risk
9300-RENDD,1,77.64,1,High Risk
0761-AETCS,1,30.08,0,Medium Risk
2153-MREFK,1,43.65,0,Medium Risk
3106-ULWFW,1,75.76,1,High Risk
0925-VYDLG,1,81.08,1,High Risk
4349-GFQHK,1,52.65,1,Medium Risk
7802-EFKNY,1,70.34,1,High Risk
8035-BUYVG,1,54.32,1,Medium Risk
9787-XVQIU,1,80.39,1,High Risk
8945-MUQUF,1,27.99,0,Low Risk
8051-HJRLT,1,87.98,1,High Risk
3023-GFLBR,1,54.85,1,Medium Risk
0524-IAVZO,1,63.9,1,High Risk
2737-YNGYW,1,60.33,1,High Risk
5159-YFPKQ,1,61.96,1,High Risk
4021-RQSNY,1,74.74,1,High Risk
9061-TIHDA,1,85.21,1,High Risk
8699-ASUFO,1,64.61,1,High Risk
7927-AUXBZ,1,32.5,0,Medium Risk
4695-WJZUE,1,58.63,1,Medium Risk
7619-ODSGN,1,14.93,0,Low Risk
3988-RQIXO,1,91.15,1,High Risk
2514-GINMM,1,80.26,1,High Risk
5931-FLJJF,1,62.48,1,High Risk
2659-VXMWZ,1,21.92,0,Low Risk
3207-OYBWH,1,19.7,0,Low Risk
4285-GYRQC,1,70.77,1,High Risk
7216-EWTRS,1,82.09,1,High Risk
8337-MSSXB,1,76.14,1,High Risk
8182-BJDSI,1,75.44,1,High Risk
2528-HFYZX,1,58.19,1,Medium Risk
2482-CZGBB,1,33.96,0,Medium Risk
0866-QLSIR,1,3.01,0,Low Risk
7181-BQYBV,1,68.48,1,High Risk
6204-IEUXJ,1,60.99,1,High Risk
4529-CKBCL,1,83.68,1,High Risk
2506-CLAKW,1,63.35,1,High Risk
1583-IHQZE,1,74.08,1,High Risk
0151-ONTOV,1,67.52,1,High Risk
4140-MUHUG,1,79.72,1,High Risk
0320-JDNQG,1,60.82,1,High Risk
7180-PISOG,1,97.29,1,High Risk
3571-RFHAR,1,34.09,0,Medium Risk
9578-VRMNM,1,63.84,1,High Risk
1587-FKLZB,1,64.45,1,High Risk
6140-QNRQQ,1,82.93,1,High Risk
4307-KTUMW,1,65.23,1,High Risk
5440-FLBQG,1,36.64,0,Medium Risk
7470-MCQTK,1,78.63,1,High Risk
7488-MXJIV,1,79.63,1,High Risk
2027-FECZV,1,88.41,1,High Risk
2672-DZUOY,1,75.77,1,High Risk
3870-MQAMG,1,43.91,0,Medium Risk
4800-CZMPC,1,29.77,0,Low Risk
7377-DMMRI,1,76.17,1,High Risk
8949-JTMAY,1,71.83,1,High Risk
2774-LVQUS,1,83.58,1,High Risk
3211-ILJTT,1,60.06,1,High Risk
4612-THJBS,1,32.56,0,Medium Risk
4094-NSEDU,1,90.38,1,High Risk
5103-MHMHY,1,4.2,0,Low Risk
1846-XWOQN,1,94.01,1,High Risk
0235-KGSLC,1,74.29,1,High Risk
2884-GBPFB,1,43.98,0,Medium Risk
3757-NJYBX,1,63.97,1,High Risk
5136-KCKGI,1,60.9,1,High Risk
3722-WPXTK,1,69.64,1,High Risk
2929-ERCFZ,1,82.26,1,High Risk
7548-SEPYI,1,77.93,1,High Risk
8835-VSDSE,1,93.46,1,High Risk
1623-NLDOT,1,11.27,0,Low Risk
9898-KZQDZ,1,68.0,1,High Risk
5236-PERKL,1,21.49,0,Low Risk
7854-FOKSF,1,67.48,1,High Risk
2519-FAKOD,1,48.02,0,Medium Risk
8263-JQAIK,1,80.21,1,High Risk
7089-IVVAZ,1,66.71,1,High Risk
2205-YMZZJ,1,76.44,1,High Risk
1254-IZEYF,1,62.72,1,High Risk
9492-TOKRI,1,72.76,1,High Risk
9221-OTIVJ,1,74.67,1,High Risk
3325-FUYCG,1,37.77,0,Medium Risk
5908-QMGOE,1,58.74,1,Medium Risk
8481-YYXWG,1,75.0,1,High Risk
2609-IAICY,1,67.98,1,High Risk
1740-CSDJP,1,68.57,1,High Risk
2636-OHFMN,1,87.44,1,High Risk
1323-OOEPC,1,48.94,0,Medium Risk
0397-GZBBC,1,65.85,1,High Risk
7641-EUYET,1,62.36,1,High Risk
9921-ZVRHG,1,68.41,1,High Risk
4701-MLJPN,1,27.55,0,Low Risk
9206-GVPEQ,1,75.66,1,High Risk
1596-BBVTG,1,64.79,1,High Risk
8433-WXGNA,1,60.11,1,High Risk
3707-GNWHM,1,67.67,1,High Risk
8922-LIEGH,1,77.81,1,High Risk
8245-UMPYT,1,84.32,1,High Risk
5186-SAMNZ,1,80.05,1,High Risk
5373-SFODM,1,39.84,0,Medium Risk
5766-ZJYBB,1,19.62,0,Low Risk
8931-GJJIQ,1,68.57,1,High Risk
4277-PVRAN,1,86.06,1,High Risk
0022-TCJCI,1,4.34,0,Low Risk
0203-HHYIJ,1,21.7,0,Low Risk
0952-KMEEH,1,62.03,1,High Risk
8178-EYZUO,1,53.94,1,Medium Risk
5130-IEKQT,1,52.25,1,Medium Risk
3230-WYKIR,1,27.02,0,Low Risk
0407-BDJKB,1,56.69,1,Medium Risk
9600-UDOPK,1,67.4,1,High Risk
4074-SJFFA,1,55.88,1,Medium Risk
3269-ATYWD,1,66.38,1,High Risk
4910-GMJOT,1,87.8,1,High Risk
0354-WYROK,1,75.6,1,High Risk
7576-OYWBN,1,93.18,1,High Risk
5539-TMZLF,1,79.74,1,High Risk
4323-SADQS,1,26.61,0,Low Risk
4446-BZKHU,1,52.3,1,Medium Risk
5202-IVJNU,1,14.95,0,Low Risk
5976-JCJRH,1,72.64,1,High Risk
0137-OCGAB,1,78.83,1,High Risk
3351-NQLDI,1,16.22,0,Low Risk
7593-JNWRU,1,24.97,0,Low Risk
4588-YBNIB,1,57.72,1,Medium Risk
3336-JORSO,1,59.44,1,Medium Risk
5028-GZLDO,1,53.38,1,Medium Risk
6861-XWTWQ,1,66.95,1,High Risk
6877-TJMBR,1,62.29,1,High Risk
6769-DCQLI,1,35.74,0,Medium Risk
2433-KMEAS,1,45.01,0,Medium Risk
2195-ZRVAX,1,71.69,1,High Risk
3550-SAHFP,1,89.25,1,High Risk
2011-TRQYE,1,54.48,1,Medium Risk
4873-ILOLJ,1,53.2,1,Medium Risk
2725-KXXWT,1,72.94,1,High Risk
9565-DJPIB,1,59.86,1,Medium Risk
8348-HFYIV,1,79.69,1,High Risk
6849-WLEYG,1,26.94,0,Low Risk
4659-NZRUF,1,47.68,0,Medium Risk
8429-XIBUM,1,58.0,1,Medium Risk
2608-BHKFN,1,68.42,1,High Risk
7341-LXCAF,1,75.01,1,High Risk
9462-MJUAW,1,33.5,0,Medium Risk
8128-YVJRG,1,51.84,1,Medium Risk
4283-FUTGF,1,47.96,0,Medium Risk
1569-TTNYJ,1,94.86,1,High Risk
2397-BRLOM,1,81.96,1,High Risk
4749-VFKVB,1,62.26,1,High Risk
7598-UAASY,1,79.65,1,High Risk
7938-OUHIO,1,65.79,1,High Risk
8510-AWCXC,1,75.07,1,High Risk
0431-APWVY,1,32.89,0,Medium Risk
3426-NIYYL,1,65.74,1,High Risk
8225-BTJAU,1,77.62,1,High Risk
3387-VATUS,1,79.62,1,High Risk
1143-NMNQJ,1,95.24,1,High Risk
0415-MOSGF,1,36.11,0,Medium Risk
1724-BQUHA,1,71.4,1,High Risk
4826-XTSOH,1,89.02,1,High Risk
2495-INZWQ,1,64.62,1,High Risk
4139-SUGLD,1,3.59,0,Low Risk
6857-VWJDT,1,79.8,1,High Risk
5624-BQSSA,1,21.58,0,Low Risk
2408-WITXK,1,76.67,1,High Risk
5577-OTWWW,1,16.96,0,Low Risk
6100-QQHEB,1,88.84,1,High Risk
2634-HCZGT,1,10.71,0,Low Risk
7503-QQRVF,1,65.8,1,High Risk
2691-NZETQ,1,79.16,1,High Risk
4404-HIBDJ,1,6.8,0,Low Risk
7295-JOMMD,1,77.47,1,High Risk
5013-SBUIH,1,21.37,0,Low Risk
0709-TVGUR,1,70.34,1,High Risk
6023-YEBUP,1,78.3,1,High Risk
7209-JCUDS,1,81.75,1,High Risk
3001-CBHLQ,1,75.84,1,High Risk
6158-DWPZT,1,37.34,0,Medium Risk
3763-GCZHZ,1,25.08,0,Low Risk
0772-GYEQQ,1,73.02,1,High Risk
4831-EOBFE,1,44.09,0,Medium Risk
4102-OQUPX,1,85.96,1,High Risk
9170-GYZJC,1,9.57,0,Low Risk
3999-QGRJH,1,69.6,1,High Risk
2454-RPBRZ,1,82.24,1,High Risk
2002-MZHWP,1,51.76,1,Medium Risk
2265-CYWIV,1,88.82,1,High Risk
2004-OCQXK,1,61.49,1,High Risk
5027-QPKTE,1,79.21,1,High Risk
2672-HUYVI,1,76.83,1,High Risk
7508-MYBOG,1,75.36,1,High Risk
0148-DCDOS,1,66.65,1,High Risk
9992-RRAMN,1,84.88,1,High Risk
0310-MVLET,1,54.83,1,Medium Risk
4550-VBOFE,1,59.43,1,Medium Risk
5696-QURRL,1,76.52,1,High Risk
7409-KIUTL,1,62.78,1,High Risk
1732-VHUBQ,1,31.76,0,Medium Risk
0495-RVCBF,1,88.5,1,High Risk
7854-EDSSA,1,43.66,0,Medium Risk
8869-TORSS,1,5.62,0,Low Risk
0679-IDSTG,1,76.84,1,High Risk
2115-BFTIW,1,45.44,0,Medium Risk
0611-DFXKO,1,82.08,1,High Risk
7780-OTDSO,1,69.16,1,High Risk
9747-DDZOS,1,83.57,1,High Risk
0564-JJHGS,1,86.68,1,High Risk
3348-CFRNX,1,62.33,1,High Risk
1428-GTBJJ,1,72.54,1,High Risk
8802-UNOJF,1,44.85,0,Medium Risk
6313-GIDIT,1,50.45,1,Medium Risk
2845-AFFTX,1,77.69,1,High Risk
2249-YPRNG,1,82.41,1,High Risk
7410-YTJIK,1,48.3,0,Medium Risk
4626-GYCZP,1,82.51,1,High Risk
5590-BYNII,1,78.1,1,High Risk
3237-AJGEH,1,36.26,0,Medium Risk
1591-NFNLQ,1,32.91,0,Medium Risk
2815-CPTUL,1,52.38,1,Medium Risk
0596-BQCEQ,1,59.09,1,Medium Risk
1481-ZUWZA,1,40.96,0,Medium Risk
2309-OSFEU,1,94.45,1,High Risk
1891-FZYSA,1,52.01,1,Medium Risk
7613-LLQFO,1,85.02,1,High Risk
2640-PMGFL,1,60.81,1,High Risk
3801-HMYNL,1,75.89,1,High Risk
9685-WKZGT,1,77.59,1,High Risk
6022-UGGSO,1,25.08,0,Low Risk
4484-CGXFK,1,65.1,1,High Risk
6214-EDAKZ,1,7.53,0,Low Risk
6127-ISGTU,1,72.15,1,High Risk
8740-XLHDR,1,55.19,1,Medium Risk
1208-DNHLN,1,57.99,1,Medium Risk
1761-AEZZR,1,89.04,1,High Risk
3923-CSIHK,1,13.38,0,Low Risk
7120-RFMVS,1,76.99,1,High Risk
7317-GGVPB,1,28.57,0,Low Risk
1322-AGOQM,1,26.68,0,Low Risk
3677-IYRBF,1,36.65,0,Medium Risk
5692-FPTAH,1,32.52,0,Medium Risk
1550-LOAHA,1,64.31,1,High Risk
0268-QKIWO,1,14.09,0,Low Risk
0876-WDUUZ,1,48.36,0,Medium Risk
0617-FHSGK,1,26.81,0,Low Risk
2858-MOFSQ,1,43.77,0,Medium Risk
8118-LSUEL,1,72.62,1,High Risk
7005-CCBKV,1,77.79,1,High Risk
4250-FDVOU,1,36.68,0,Medium Risk
5277-ZLOOR,1,76.65,1,High Risk
2141-RRYGO,1,55.08,1,Medium Risk
6376-GAHQE,1,74.71,1,High Risk
5052-PNLOS,1,64.78,1,High Risk
6979-ZNSFF,1,60.36,1,High Risk
2386-LAHRK,1,48.66,0,Medium Risk
6032-IGALN,1,58.31,1,Medium Risk
4248-HCETZ,1,59.58,1,Medium Risk
0516-WJVXC,1,34.9,0,Medium Risk
9174-FKWZE,1,48.16,0,Medium Risk
8809-RIHDD,1,26.56,0,Low Risk
4822-NGOCH,1,79.51,1,High Risk
5307-DZCVC,1,74.17,1,High Risk
8679-JOEVF,1,66.25,1,High Risk
1432-FPAXX,1,30.46,0,Medium Risk
4803-AXVYP,1,57.75,1,Medium Risk
3884-HCSWG,1,49.52,0,Medium Risk
5077-DXTCG,1,63.96,1,High Risk
1142-WACZW,1,38.63,0,Medium Risk
5649-ANRML,1,57.04,1,Medium Risk
4892-VLANZ,1,15.12,0,Low Risk
2919-HBCJO,1,37.25,0,Medium Risk
4236-XPXAV,1,81.7,1,High Risk
3030-YZADT,1,32.61,0,Medium Risk
7410-KTVFV,1,42.89,0,Medium Risk
8393-DLHGA,1,64.11,1,High Risk
7395-IGJOS,1,78.16,1,High Risk
2834-SPCJV,1,30.49,0,Medium Risk
7890-VYYWG,1,67.68,1,High Risk
9907-SWKKF,1,80.79,1,High Risk
0587-DMGBH,1,51.68,1,Medium Risk
6397-JNZZG,1,31.86,0,Medium Risk
3523-QRQLL,1,18.5,0,Low Risk
0895-DQHEW,1,67.42,1,High Risk
8149-RSOUN,1,84.99,1,High Risk
7250-EQKIY,1,20.1,0,Low Risk
4013-UBXWQ,1,83.88,1,High Risk
5519-NPHVG,1,66.8,1,High Risk
8849-GYOKR,1,5.52,0,Low Risk
3148-BLQJT,1,41.09,0,Medium Risk
0461-CVKMU,1,56.26,1,Medium Risk
8806-EAGWC,1,64.6,1,High Risk
7779-LGOVN,1,83.0,1,High Risk
9710-ZUSHQ,1,48.75,0,Medium Risk
4183-WCSEP,1,53.17,1,Medium Risk
5498-TXHLF,1,69.33,1,High Risk
9722-UJOJR,1,62.45,1,High Risk
3902-FOIGH,1,82.03,1,High Risk
6772-KSATR,1,73.96,1,High Risk
7112-OPOTK,1,60.93,1,High Risk
4210-QFJMF,1,93.36,1,High Risk
3318-OSATS,1,83.46,1,High Risk
5828-AVIPD,1,64.46,1,High Risk
1086-LXKFY,1,79.38,1,High Risk
2636-ALXXZ,1,88.18,1,High Risk
7774-OJSXI,1,73.94,1,High Risk
7786-WBJYI,1,84.19,1,High Risk
9885-CSMWE,1,83.15,1,High Risk
5016-ETTFF,1,52.72,1,Medium Risk
3866-MDTUB,1,60.07,1,High Risk
8058-JMEQO,1,90.06,1,High Risk
0697-ZMSWS,1,88.12,1,High Risk
7657-DYEPJ,1,14.07,0,Low Risk
8276-MQBYC,1,75.13,1,High Risk
7593-XFKDI,1,48.77,0,Medium Risk
0337-CNPZE,1,67.06,1,High Risk
1513-XNPPH,1,66.14,1,High Risk
6015-VVHHE,1,73.22,1,High Risk
6347-DCUIK,1,68.49,1,High Risk
0897-FEGMU,1,86.73,1,High Risk
7663-RGWBC,1,46.06,0,Medium Risk
1120-BMWUB,1,44.14,0,Medium Risk
9124-LHCJQ,1,75.18,1,High Risk
2235-ZGKPT,1,23.42,0,Low Risk
3891-PUQOD,1,11.86,0,Low Risk
0689-NKYLF,1,73.53,1,High Risk
3658-KIBGF,1,24.87,0,Low Risk
5519-YLDGW,1,71.79,1,High Risk
4946-EDSEW,1,2.06,0,Low Risk
2516-VQRRV,1,67.26,1,High Risk
7580-UGXNC,1,27.45,0,Low Risk
5178-LMXOP,1,67.16,1,High Risk
8185-UPYBR,1,77.41,1,High Risk
4585-HETAI,1,87.72,1,High Risk
7526-BEZQB,1,83.91,1,High Risk
4951-UKAAQ,1,78.66,1,High Risk
2108-YKQTY,1,27.66,0,Low Risk
4918-QLLIW,1,41.97,0,Medium Risk
7056-IMHCC,1,51.11,1,Medium Risk
1625-JAIIY,1,26.37,0,Low Risk
2947-DOMLJ,1,12.38,0,Low Risk
4112-LUEIZ,1,81.86,1,High Risk
4510-HIMLV,1,86.85,1,High Risk
8749-JMNKX,1,33.3,0,Medium Risk
2430-USGXP,1,67.83,1,High Risk
5955-ERIHD,1,94.64,1,High Risk
0917-EZOLA,1,16.59,0,Low Risk
5949-EBSQK,1,4.19,0,Low Risk
7274-RTAPZ,1,90.28,1,High Risk
0311-UNPFF,1,81.26,1,High Risk
3834-XUIFC,1,77.7,1,High Risk
8414-MYSHR,1,73.86,1,High Risk
7599-FKVXZ,1,71.19,1,High Risk
8229-TNIQA,1,57.57,1,Medium Risk
6221-AVQYL,1,70.53,1,High Risk
7743-EXURX,1,22.52,0,Low Risk
5569-KGJHX,1,65.39,1,High Risk
4988-IQIGL,1,83.57,1,High Risk
7730-IUTDZ,1,31.08,0,Medium Risk
0426-TIRNE,1,24.28,0,Low Risk
7587-RZNME,1,37.27,0,Medium Risk
0748-RDGGM,1,16.0,0,Low Risk
4706-AXVKM,1,81.28,1,High Risk
5889-JTMUL,1,48.34,0,Medium Risk
9026-RNUJS,1,33.78,0,Medium Risk
3746-EUBYR,1,84.4,1,High Risk
2332-EFBJY,1,21.69,0,Low Risk
9474-PHLYD,1,53.17,1,Medium Risk
2165-VOEGB,1,8.7,0,Low Risk
2219-MVUSO,1,71.32,1,High Risk
8914-RBTSB,1,28.11,0,Low Risk
0963-ZBDRN,1,55.02,1,Medium Risk
7594-RQHXR,1,76.14,1,High Risk
6331-EWIEB,1,73.22,1,High Risk
5998-VVEJY,1,36.48,0,Medium Risk
1624-NALOJ,1,88.77,1,High Risk
4317-VTEOA,1,66.34,1,High Risk
1670-SVOWZ,1,48.55,0,Medium Risk
7541-YLXCL,1,12.43,0,Low Risk
0260-ZDLGK,1,42.98,0,Medium Risk
8722-NGNBH,1,45.48,0,Medium Risk
6210-KBBPI,1,62.55,1,High Risk
0133-BMFZO,1,56.37,1,Medium Risk
6128-CZOMY,1,69.94,1,High Risk
9540-JYROE,1,69.22,1,High Risk
2260-USTRB,1,72.37,1,High Risk
3656-TKRVZ,1,34.75,0,Medium Risk
8623-TMRBY,1,42.19,0,Medium Risk
1501-SGHBW,1,51.01,1,Medium Risk
3208-YPIOE,1,22.92,0,Low Risk
2612-RANWT,1,78.41,1,High Risk
6900-PXRMS,1,62.75,1,High Risk
3346-BRMIS,1,64.3,1,High Risk
2933-FILNV,1,58.01,1,Medium Risk
9986-BONCE,1,8.15,0,Low Risk
2722-JMONI,1,61.74,1,High Risk
4083-EUGRJ,1,34.25,0,Medium Risk
7579-OOPEC,1,46.02,0,Medium Risk
1771-OADNZ,1,84.13,1,High Risk
0612-RTZZA,1,39.02,0,Medium Risk
6410-LEFEN,1,68.76,1,High Risk
3194-ORPIK,1,62.12,1,High Risk
8816-VXNZD,1,87.42,1,High Risk
9378-FXTIZ,1,13.35,0,Low Risk
1723-HKXJQ,1,74.37,1,High Risk
7825-GKXMW,1,65.35,1,High Risk
1240-KNSEZ,1,29.06,0,Low Risk
0836-SEYLU,1,65.41,1,High Risk
4433-JCGCG,1,89.8,1,High Risk
3716-BDVDB,1,89.57,1,High Risk
5899-MQZZL,1,55.99,1,Medium Risk
6849-OYAMU,1,34.02,0,Medium Risk
9488-HGMJH,1,85.24,1,High Risk
6038-GCYEC,1,70.46,1,High Risk
1150-WFARN,1,1.87,0,Low Risk
3144-AUDBS,1,43.49,0,Medium Risk
5616-PRTNT,1,3.13,0,Low Risk
4818-QIUFN,1,49.41,0,Medium Risk
6961-VCPMC,1,79.67,1,High Risk
6688-UZPWD,1,78.96,1,High Risk
2839-RFSQE,1,13.35,0,Low Risk
0968-GSIKN,1,38.54,0,Medium Risk
1965-DDBWU,1,57.53,1,Medium Risk
9057-SIHCH,1,75.16,1,High Risk
6771-XWBDM,1,58.87,1,Medium Risk
8601-QACRS,1,68.99,1,High Risk
2391-SOORI,1,7.92,0,Low Risk
2645-QTLMB,1,78.34,1,High Risk
4806-HIPDW,1,72.76,1,High Risk
4424-TKOPW,1,84.53,1,High Risk
8443-ZRDBZ,1,57.28,1,Medium Risk
9136-ALYBR,1,64.1,1,High Risk
7479-NITWS,1,56.95,1,Medium Risk
2959-MJHIC,1,56.67,1,Medium Risk
4201-JMNGR,1,43.63,0,Medium Risk
5960-WPXQM,1,76.83,1,High Risk
0684-AOSIH,1,81.12,1,High Risk
8260-NGFNY,1,43.79,0,Medium Risk
1866-RZZQS,1,61.33,1,High Risk
8631-NBHFZ,1,10.13,0,Low Risk
4958-XCBDQ,1,65.95,1,High Risk
8337-UPOAQ,1,92.16,1,High Risk
1725-IQNIY,1,13.53,0,Low Risk
6598-RFFVI,1,5.89,0,Low Risk
6712-OAWRH,1,73.45,1,High Risk
8614-VGMMV,1,45.14,0,Medium Risk
2930-UOTMB,1,10.22,0,Low Risk
5914-DVBWJ,1,50.99,1,Medium Risk
2533-QVMSK,1,17.69,0,Low Risk
8644-XLFBW,1,61.39,1,High Risk
8625-AZYZY,1,71.49,1,High Risk
9306-CPCBC,1,75.22,1,High Risk
1833-VGRUM,1,78.34,1,High Risk
8374-XGEJJ,1,80.65,1,High Risk
2656-TABEH,1,96.08,1,High Risk
6946-LMSQS,1,71.91,1,High Risk
2325-ZUSFD,1,2.57,0,Low Risk
3932-CMDTD,1,70.83,1,High Risk
4039-HEUNW,1,63.85,1,High Risk
0812-WUPTB,1,80.68,1,High Risk
3594-UVONA,1,14.24,0,Low Risk
0004-TLHLJ,1,87.4,1,High Risk
5089-IFSDP,1,18.68,0,Low Risk
4817-VYYWS,1,79.52,1,High Risk
1396-QWFBJ,1,48.42,0,Medium Risk
5299-SJCZT,1,68.04,1,High Risk
2403-BCASL,1,55.37,1,Medium Risk
2898-LSJGD,1,53.76,1,Medium Risk
7359-PTSXY,1,58.29,1,Medium Risk
4503-BDXBD,1,41.0,0,Medium Risk
6086-ESGRL,1,71.81,1,High Risk
3886-CERTZ,1,17.49,0,Low Risk
5759-RCVCB,1,26.83,0,Low Risk
6372-RFVNS,1,74.82,1,High Risk
8938-UMKPI,1,40.07,0,Medium Risk
0991-BRRFB,1,23.64,0,Low Risk
3871-IKPYH,1,76.04,1,High Risk
6319-IEJWJ,1,72.2,1,High Risk
9025-AOMKI,1,74.61,1,High Risk
5275-SQEIZ,1,53.64,1,Medium Risk
7716-YTYHG,1,40.12,0,Medium Risk
4390-KYULV,1,73.28,1,High Risk
1304-NECVQ,1,84.89,1,High Risk
8945-GRKHX,1,92.46,1,High Risk
6959-UWKHF,1,72.1,1,High Risk
3815-SLMEF,1,68.32,1,High Risk
5154-VEKBL,1,55.78,1,Medium Risk
5655-JSMZM,1,74.07,1,High Risk
4505-EXZHB,1,41.49,0,Medium Risk
4587-VVTOX,1,71.96,1,High Risk
4652-NNHNY,1,56.99,1,Medium Risk
8972-HJWNV,1,85.99,1,High Risk
8515-OCTJS,1,11.84,0,Low Risk
2860-RANUS,1,71.98,1,High Risk
5261-QSHQM,1,83.43,1,High Risk
8868-WOZGU,1,62.12,1,High Risk
1334-FJSVR,1,67.17,1,High Risk
7625-XCQRH,1,67.24,1,High Risk
1731-TVIUK,1,87.65,1,High Risk
0406-BPDVR,1,43.5,0,Medium Risk
0618-XWMSS,1,28.53,0,Low Risk
5276-KQWHG,1,77.22,1,High Risk
2565-JSLRY,1,13.46,0,Low Risk
6689-KXGBO,1,53.58,1,Medium Risk
6615-NGGZJ,1,83.75,1,High Risk
4255-DDUOU,1,18.98,0,Low Risk
2984-MIIZL,1,66.0,1,High Risk
5590-YRFJT,1,79.56,1,High Risk
3677-TNKIO,1,71.7,1,High Risk
9667-EQRXU,1,35.76,0,Medium Risk
3329-WDIOK,1,71.44,1,High Risk
2873-ZLIWT,1,47.24,0,Medium Risk
3415-TAILE,1,46.85,0,Medium Risk
1915-IOFGU,1,73.45,1,High Risk
3045-XETSH,1,78.14,1,High Risk
7239-HZZCX,1,25.0,0,Low Risk
7683-CBDKJ,1,24.42,0,Low Risk
0946-CLJTI,1,56.75,1,Medium Risk
0628-CNQRM,1,12.26,0,Low Risk
7665-TOALD,1,80.45,1,High Risk
0112-QWPNC,1,19.78,0,Low Risk
0324-BRPCJ,1,69.05,1,High Risk
2777-PHDEI,1,76.25,1,High Risk
1196-AMORA,1,67.86,1,High Risk
4282-YMKNA,1,85.79,1,High Risk
5356-RHIPP,1,40.76,0,Medium Risk
9189-JWSHV,1,82.11,1,High Risk
0746-JTRFU,1,76.89,1,High Risk
0576-WNXXC,1,63.76,1,High Risk
4628-CTTLA,1,38.32,0,Medium Risk
2876-VBBBL,1,47.44,0,Medium Risk
6834-NXDCA,1,74.08,1,High Risk
5597-GLBUC,1,81.69,1,High Risk
2748-MYRVK,1,19.41,0,Low Risk
4822-YCXMX,1,63.93,1,High Risk
9821-POOTN,1,85.04,1,High Risk
6559-ILWKJ,1,4.39,0,Low Risk
4229-CZMLL,1,72.24,1,High Risk
3663-MITLP,1,82.46,1,High Risk
9025-ZRPVR,1,14.32,0,Low Risk
3285-UCQVC,1,29.48,0,Low Risk
5482-PLVPE,1,83.47,1,High Risk
4902-OHLSK,1,41.96,0,Medium Risk
0495-ZBNGW,1,72.69,1,High Risk
2357-COQEK,1,90.93,1,High Risk
3737-GCSPV,1,50.27,1,Medium Risk
4088-YLDSU,1,41.47,0,Medium Risk
2034-CGRHZ,1,70.47,1,High Risk
5797-APWZC,1,85.34,1,High Risk
3683-QKIUE,1,37.65,0,Medium Risk
4228-ZGYUW,1,82.79,1,High Risk
3519-ZKXGG,1,87.82,1,High Risk
6416-TVAIH,1,82.48,1,High Risk
5108-ADXWO,1,73.2,1,High Risk
3066-RRJIO,1,73.21,1,High Risk
6715-OFDBP,1,62.8,1,High Risk
1567-DSCIC,1,75.88,1,High Risk
2150-UWTFY,1,10.1,0,Low Risk
2683-BPJSO,1,70.28,1,High Risk
2157-MXBJS,1,33.84,0,Medium Risk
9360-AHGNL,1,25.39,0,Low Risk
1087-UDSIH,1,31.62,0,Medium Risk
5485-WUYWF,1,73.89,1,High Risk
2632-UCGVD,1,47.5,0,Medium Risk
5445-PZWGX,1,15.62,0,Low Risk
9170-CCKOU,1,70.47,1,High Risk
1043-YCUTE,1,2.77,0,Low Risk
3814-MLAXC,1,49.67,0,Medium Risk
1226-UDFZR,1,55.91,1,Medium Risk
6425-YQLLO,1,31.47,0,Medium Risk
5442-UTCVD,1,77.68,1,High Risk
7734-DBOAI,1,53.99,1,Medium Risk
2091-RFFBA,1,73.29,1,High Risk
2114-MGINA,1,69.25,1,High Risk
4489-SNOJF,1,9.11,0,Low Risk
6899-PPEEA,1,61.46,1,High Risk
2187-LZGPL,1,70.3,1,High Risk
4597-NUCQV,1,75.29,1,High Risk
9019-QVLZD,1,75.09,1,High Risk
3707-LRWZD,1,33.12,0,Medium Risk
1455-ESIQH,1,68.62,1,High Risk
2979-SXESE,1,70.65,1,High Risk
4013-TLDHQ,1,60.21,1,High Risk
3754-DXMRT,1,50.14,1,Medium Risk
7130-VTEWQ,1,88.12,1,High Risk
6121-VZNQB,1,50.2,1,Medium Risk
7903-CMPEY,1,69.57,1,High Risk
6996-KNSML,1,88.13,1,High Risk
1704-NRWYE,1,72.12,1,High Risk
2592-SEIFQ,1,77.84,1,High Risk
7481-ATQQS,1,71.16,1,High Risk
8642-GVWRF,1,62.41,1,High Risk
3400-ESFUW,1,2.42,0,Low Risk
2057-ZBLPD,1,65.14,1,High Risk
5502-RLUYV,1,44.18,0,Medium Risk
0023-HGHWL,1,78.15,1,High Risk
9039-RBEEE,1,16.71,0,Low Risk
8417-FMLZI,1,72.66,1,High Risk
1792-UXAFY,1,73.86,1,High Risk
0515-YPMCW,1,73.36,1,High Risk
0378-XSZPU,1,4.12,0,Low Risk
4729-XKASR,1,31.66,0,Medium Risk
5449-FIBXJ,1,79.18,1,High Risk
9837-BMCLM,1,85.76,1,High Risk
0137-UDEUO,1,16.81,0,Low Risk
6161-UUUTA,1,73.52,1,High Risk
6543-XRMYR,1,70.4,1,High Risk
4925-LMHOK,1,34.36,0,Medium Risk
1455-UGQVH,1,95.64,1,High Risk
8280-MQRQN,1,41.88,0,Medium Risk
2037-SGXHH,1,70.51,1,High Risk
3178-FESZO,1,80.98,1,High Risk
6087-MVHJH,1,73.26,1,High Risk
4603-JANFB,1,82.71,1,High Risk
3018-TFTSU,1,33.05,0,Medium Risk
4806-KEXQR,1,72.95,1,High Risk
7083-YNSKY,1,27.09,0,Low Risk
2479-BRAMR,1,43.78,0,Medium Risk
7434-SHXLS,1,16.2,0,Low Risk
7908-QCBCA,1,82.45,1,High Risk
6711-FLDFB,1,79.31,1,High Risk
3714-JTVOV,1,32.01,0,Medium Risk
4702-IOQDC,1,79.32,1,High Risk
6178-KFNHS,1,61.57,1,High Risk
1264-BYWMS,1,66.84,1,High Risk
9658-WYUFB,1,73.73,1,High Risk
2013-SGDXK,1,69.43,1,High Risk
8580-QVLOC,1,0.68,0,Low Risk
2012-NWRPA,1,91.01,1,High Risk
8808-ELEHO,1,67.21,1,High Risk
3506-LCJDC,1,13.74,0,Low Risk
3934-HXCFZ,1,74.93,1,High Risk
7666-WKRON,1,18.12,0,Low Risk
4910-AQFFX,1,80.47,1,High Risk
2154-KVJFF,1,63.06,1,High Risk
9647-ERGBE,1,80.33,1,High Risk
3428-XZMAZ,1,83.89,1,High Risk
0378-TOVMS,1,65.47,1,High Risk
4355-HBJHH,1,18.03,0,Low Risk
9058-CBREO,1,56.56,1,Medium Risk
0318-QUUOB,1,90.39,1,High Risk
5520-FVEWJ,1,86.98,1,High Risk
5572-ZDXHY,1,79.37,1,High Risk
3750-CKVKH,1,80.43,1,High Risk
8063-GBATB,1,72.17,1,High Risk
4547-KQRTM,1,87.35,1,High Risk
4877-EVATK,1,24.07,0,Low Risk
7639-SUPCW,1,36.32,0,Medium Risk
1069-XAIEM,1,88.08,1,High Risk
4658-HCOHW,1,62.38,1,High Risk
3440-JPSCL,1,46.73,0,Medium Risk
2889-FPWRM,1,34.05,0,Medium Risk
6987-XQSJT,1,43.08,0,Medium Risk
4290-BSXUX,1,67.78,1,High Risk
0325-XBFAC,1,80.92,1,High Risk
2462-XIIJB,1,92.9,1,High Risk
4760-XOHVN,1,12.56,0,Low Risk
7817-BOQPW,1,92.64,1,High Risk
1853-UDXBW,1,64.84,1,High Risk
5458-CQJTA,1,21.17,0,Low Risk
5219-YIPTK,1,84.53,1,High Risk
3540-RZJYU,1,46.5,0,Medium Risk
2091-MJTFX,1,6.51,0,Low Risk
0883-EIBTI,1,37.61,0,Medium Risk
0722-TROQR,1,86.02,1,High Risk
7571-YXDAD,1,71.3,1,High Risk
3393-FMZPV,1,80.48,1,High Risk
6402-ZFPPI,1,66.54,1,High Risk
7486-KSRVI,1,50.22,1,Medium Risk
8443-WVPSS,1,76.28,1,High Risk
3006-XIMLN,1,71.69,1,High Risk
9965-YOKZB,1,95.16,1,High Risk
0504-HHAPI,1,62.74,1,High Risk
6305-YLBMM,1,21.18,0,Low Risk
3647-GMGDH,1,57.26,1,Medium Risk
3791-LGQCY,1,62.44,1,High Risk
8166-ZZTFS,1,7.05,0,Low Risk
2956-GGUCQ,1,68.62,1,High Risk
6595-COKXZ,1,68.83,1,High Risk
0362-ZBZWJ,1,67.5,1,High Risk
4211-MMAZN,1,12.09,0,Low Risk
4274-OWWYO,1,83.98,1,High Risk
1541-ETJZO,1,32.82,0,Medium Risk
4106-HADHQ,1,16.47,0,Low Risk
2369-UAPKZ,1,68.6,1,High Risk
2778-OCLGR,1,32.86,0,Medium Risk
0637-KVDLV,1,93.96,1,High Risk
6633-MPWBS,1,62.1,1,High Risk
8785-EPNCG,1,38.4,0,Medium Risk
5729-KLZAR,1,74.13,1,High Risk
1582-RAFML,1,37.12,0,Medium Risk
8740-CRYFY,1,75.15,1,High Risk
2962-XPMCQ,1,72.04,1,High Risk
1678-FYZOW,1,87.33,1,High Risk
8627-EHGIP,1,42.69,0,Medium Risk
5480-TBGPH,1,54.33,1,Medium Risk
8854-CCVSQ,1,71.93,1,High Risk
0511-JTEOY,1,68.71,1,High Risk
7067-KSAZT,1,28.77,0,Low Risk
6532-YLWSI,1,2.23,0,Low Risk
9300-AGZNL,1,75.28,1,High Risk
1112-CUNAO,1,70.95,1,High Risk
5175-AOBHI,1,33.92,0,Medium Risk
5174-RNGBH,1,35.45,0,Medium Risk
7270-BDIOA,1,74.62,1,High Risk
9565-JSNFM,1,5.89,0,Low Risk
0607-DAAHE,1,1.72,0,Low Risk
9732-KPKBW,1,26.73,0,Low Risk
3389-YGYAI,1,93.65,1,High Risk
9560-ARGQJ,1,86.9,1,High Risk
5134-IKDAY,1,93.08,1,High Risk
3070-DVEYC,1,63.76,1,High Risk
5707-ORNDZ,1,48.49,0,Medium Risk
8696-JKZNU,1,30.68,0,Medium Risk
5380-AFSSK,1,80.27,1,High Risk
2055-PDADH,1,87.28,1,High Risk
8714-EUHJO,1,74.32,1,High Risk
3721-CNEYS,1,80.9,1,High Risk
2568-OIADY,1,83.95,1,High Risk
1193-RTSLK,1,39.79,0,Medium Risk
2302-ANTDP,1,54.53,1,Medium Risk
5923-GXUOC,1,85.5,1,High Risk
5233-GEEAX,1,79.98,1,High Risk
4432-ADRLB,1,61.14,1,High Risk
8993-PHFWD,1,77.58,1,High Risk
1565-RHDJD,1,57.04,1,Medium Risk
7137-RYLPP,1,68.29,1,High Risk
3765-JXVKY,1,70.95,1,High Risk
7330-WZLNC,1,81.59,1,High Risk
3957-LXOLK,1,75.78,1,High Risk
6635-MYYYZ,1,7.86,0,Low Risk
5281-BUZGT,1,67.83,1,High Risk
5378-IKEEG,1,77.43,1,High Risk
2718-GAXQD,1,43.73,0,Medium Risk
6413-XKKPU,1,79.84,1,High Risk
1449-XQEMT,1,39.96,0,Medium Risk
2626-URJFX,1,27.48,0,Low Risk
2612-RRIDN,1,83.57,1,High Risk
4735-ASGMA,1,57.67,1,Medium Risk
3669-LVWZB,1,78.55,1,High Risk
6892-EZDTG,1,80.12,1,High Risk
9725-SCPZG,1,93.61,1,High Risk
5884-GCYMI,1,84.99,1,High Risk
3217-FZDMN,1,69.08,1,High Risk
7853-GVUDZ,1,18.14,0,Low Risk
7480-QNVZJ,1,72.76,1,High Risk
3943-KDREE,1,71.13,1,High Risk
9239-ZBZZV,1,69.74,1,High Risk
4398-HSCJH,1,66.83,1,High Risk
4430-UZIPO,1,69.43,1,High Risk
4855-SNKMY,1,76.14,1,High Risk
8008-HAWED,1,67.77,1,High Risk
7124-UGSUR,1,42.29,0,Medium Risk
1862-SKORY,1,52.66,1,Medium Risk
1502-XFCVR,1,17.23,0,Low Risk
9692-TUSXH,1,62.95,1,High Risk
7912-SYRQT,1,77.55,1,High Risk
4816-JBHOV,1,59.13,1,Medium Risk
8292-TYSPY,1,22.37,0,Low Risk
1867-BDVFH,1,91.22,1,High Risk
2359-QWQUL,1,31.8,0,Medium Risk
9103-TCIHJ,1,35.88,0,Medium Risk
4140-WJAWW,1,14.26,0,Low Risk
6653-CBBOM,1,52.4,1,Medium Risk
3247-ZVOUO,1,68.11,1,High Risk
6101-IMRMM,1,60.51,1,High Risk
1268-ASBGA,1,84.73,1,High Risk
8943-URTMR,1,74.12,1,High Risk
4713-LZDRV,1,66.85,1,High Risk
4325-NFSKC,1,67.45,1,High Risk
2955-PSXOE,1,16.67,0,Low Risk
7762-URZQH,1,16.03,0,Low Risk
6907-NZZIJ,1,56.86,1,Medium Risk
2911-UREFD,1,32.46,0,Medium Risk
3744-ZRRDZ,1,53.27,1,Medium Risk
5673-TIYIB,1,51.01,1,Medium Risk
1602-IJQQE,1,65.23,1,High Risk
4628-WQCQQ,1,29.08,0,Low Risk
1644-IRKSF,1,53.95,1,Medium Risk
3705-PSNGL,1,0.82,0,Low Risk
6502-HCJTI,1,86.61,1,High Risk
2606-RMDHZ,1,57.9,1,Medium Risk
8258-GSTJK,1,67.51,1,High Risk
6861-OKBCE,1,6.37,0,Low Risk
9940-RHLFB,1,44.21,0,Medium Risk
2995-UPRYS,1,38.04,0,Medium Risk
6686-YPGHK,1,32.78,0,Medium Risk
1383-EZRWL,1,32.38,0,Medium Risk
4759-TRPLW,1,69.29,1,High Risk
8563-IIOXK,1,54.9,1,Medium Risk
8020-BWHYL,1,56.05,1,Medium Risk
2982-VPSGI,1,93.39,1,High Risk
8199-ZLLSA,1,36.17,0,Medium Risk
4625-EWPTF,1,46.82,0,Medium Risk
5980-NOPLP,1,79.52,1,High Risk
6892-XPFPU,1,82.21,1,High Risk
8010-EZLOU,1,65.5,1,High Risk
9874-QLCLH,1,69.69,1,High Risk
8062-YBDOE,1,74.68,1,High Risk
6000-APYLU,1,56.78,1,Medium Risk
0947-IDHRQ,1,54.01,1,Medium Risk
3672-YITQD,1,62.29,1,High Risk
9048-JVYVF,1,68.58,1,High Risk
8988-ECPJR,1,49.26,0,Medium Risk
3776-EKTKM,1,68.39,1,High Risk
1902-XBTFB,1,81.32,1,High Risk
0643-OKLRP,1,33.28,0,Medium Risk
9381-NDKME,1,43.37,0,Medium Risk
2794-XIMMO,1,18.91,0,Low Risk
8382-SHQEH,1,77.98,1,High Risk
2983-ZANRP,1,80.72,1,High Risk
7845-URHJN,1,16.99,0,Low Risk
3034-ZBEQN,1,17.02,0,Low Risk
8327-LZKAS,1,54.81,1,Medium Risk
1075-BGWOH,1,91.15,1,High Risk
0302-JOIVN,1,60.67,1,High Risk
5366-IJEQJ,1,67.68,1,High Risk
1981-INRFU,1,70.23,1,High Risk
4971-PUYQO,1,75.49,1,High Risk
8485-GJCDN,1,55.57,1,Medium Risk
1527-SXDPN,1,36.79,0,Medium Risk
6029-WTIPC,1,67.9,1,High Risk
8634-CILSZ,1,23.37,0,Low Risk
6682-QJDGB,1,1.04,0,Low Risk
8780-IXSTS,1,81.73,1,High Risk
9530-EHPOH,1,46.67,0,Medium Risk
0345-HKJVM,1,79.69,1,High Risk
3049-SOLAY,1,77.58,1,High Risk
3317-HRTNN,1,67.81,1,High Risk
3235-ETOOB,1,72.06,1,High Risk
8058-INTPH,1,84.24,1,High Risk
5569-OUICF,1,75.82,1,High Risk
8821-XNHVZ,1,85.17,1,High Risk
2082-OJVTK,1,65.42,1,High Risk
5940-NFXKV,1,72.17,1,High Risk
8053-WWDRO,1,25.78,0,Low Risk
9564-KCLHR,1,41.27,0,Medium Risk
2082-CEFLT,1,53.76,1,Medium Risk
1213-NGCUN,1,57.82,1,Medium Risk
5688-KZTSN,1,12.44,0,Low Risk
2894-QOJRX,1,47.44,0,Medium Risk
5747-PMBSQ,1,64.46,1,High Risk
3143-JQEGI,1,92.61,1,High Risk
6386-SZZKH,1,36.94,0,Medium Risk
2982-IHMFT,1,85.21,1,High Risk
3521-SYVOR,1,63.12,1,High Risk
9526-JAWYF,1,40.15,0,Medium Risk
5649-VUKMC,1,32.2,0,Medium Risk
5143-EGQFK,1,54.09,1,Medium Risk
4919-IKATY,1,62.7,1,High Risk
9050-QLROH,1,77.83,1,High Risk
6168-WFVVF,1,65.38,1,High Risk
0877-SDMBN,1,24.64,0,Low Risk
8065-YKXKD,1,94.37,1,High Risk
9637-EIHEQ,1,57.53,1,Medium Risk
9689-PTNPG,1,76.89,1,High Risk
9465-RWMXL,1,66.09,1,High Risk
2362-IBOOY,1,36.7,0,Medium Risk
0843-WTBXE,1,46.96,0,Medium Risk
5515-IDEJJ,1,10.21,0,Low Risk
7450-NWRTR,1,80.32,1,High Risk
5376-DEQCP,1,68.57,1,High Risk
9095-HFAFX,1,65.56,1,High Risk
2379-ENZGV,1,74.93,1,High Risk
6005-OBZPH,1,76.83,1,High Risk
7932-WPTDS,1,62.65,1,High Risk
2722-VOJQL,1,24.53,0,Low Risk
5228-EXCET,1,66.2,1,High Risk
7394-FKDNK,1,74.22,1,High Risk
6331-LWDTQ,1,42.02,0,Medium Risk
1597-FZREH,1,57.5,1,Medium Risk
7000-WCEVQ,1,65.05,1,High Risk
0727-IWKVK,1,53.34,1,Medium Risk
5959-BELXA,1,57.48,1,Medium Risk
3512-IZIKN,1,1.79,0,Low Risk
6141-OOXUQ,1,27.53,0,Low Risk
7503-ZGUZJ,1,73.56,1,High Risk
2506-TNFCO,1,80.15,1,High Risk
8718-PTMEZ,1,34.2,0,Medium Risk
2207-OBZNX,1,32.54,0,Medium Risk
6142-VSJQO,1,23.21,0,Low Risk
6437-UKHMV,1,77.71,1,High Risk
1114-CENIM,1,3.53,0,Low Risk
6060-DRTNL,1,76.75,1,High Risk
8473-VUVJN,1,89.2,1,High Risk
6289-CPNLD,1,40.02,0,Medium Risk
5536-SLHPM,1,67.52,1,High Risk
0196-VULGZ,1,79.0,1,High Risk
8837-VVWLQ,1,48.44,0,Medium Risk
2696-NARTR,1,76.7,1,High Risk
7614-QVWQL,1,35.1,0,Medium Risk
1976-CFOCS,1,54.3,1,Medium Risk
4631-OACRM,1,68.5,1,High Risk
3755-JBMNH,1,74.65,1,High Risk
6345-ULYRW,1,24.39,0,Low Risk
1809-DMJHQ,1,4.01,0,Low Risk
6923-EFPNL,1,54.2,1,Medium Risk
9574-RKJIF,1,73.37,1,High Risk
2619-WFQWU,1,67.32,1,High Risk
0778-NELLA,1,25.78,0,Low Risk
4614-NUVZD,1,62.12,1,High Risk
3803-KMQFW,1,9.27,0,Low Risk
6804-GDMOI,1,34.64,0,Medium Risk
9572-MTILT,1,32.61,0,Medium Risk
9611-CTWIH,1,62.7,1,High Risk
0329-GTIAJ,1,61.63,1,High Risk
6629-CZTTH,1,36.61,0,Medium Risk
5364-EVNIB,1,45.27,0,Medium Risk
5087-SUURX,1,81.93,1,High Risk
0013-EXCHZ,1,78.76,1,High Risk
5550-VFRLC,1,81.33,1,High Risk
4929-BSTRX,1,65.69,1,High Risk
2225-ZRGSG,1,13.81,0,Low Risk
5271-YNWVR,1,11.19,0,Low Risk
2657-ALMWY,1,54.77,1,Medium Risk
6330-JKLPC,1,76.91,1,High Risk
4667-OHGKG,1,50.5,1,Medium Risk
1660-HSOOQ,1,67.24,1,High Risk
7253-UVNDW,1,5.0,0,Low Risk
7228-OMTPN,1,95.76,1,High Risk
6284-AHOOQ,1,84.22,1,High Risk
2344-JMOGN,1,65.96,1,High Risk
3799-ISUZQ,1,70.82,1,High Risk
1794-HBQTJ,1,46.15,0,Medium Risk
2460-FPSYH,1,62.79,1,High Risk
4818-DRBQT,1,59.46,1,Medium Risk
1320-HTRDR,1,69.57,1,High Risk
1493-AMTIE,1,20.09,0,Low Risk
6424-ELEYH,1,61.67,1,High Risk
4391-RESHN,1,76.6,1,High Risk
6821-BUXUX,1,82.53,1,High Risk
5028-HTLJB,1,30.02,0,Medium Risk
9801-GDWGV,1,67.09,1,High Risk
2320-JRSDE,1,11.37,0,Low Risk
0601-WZHJF,1,73.81,1,High Risk
5143-WMWOG,1,20.98,0,Low Risk
5393-RXQSZ,1,72.76,1,High Risk
0231-LXVAP,1,84.73,1,High Risk
9444-JTXHZ,1,75.16,1,High Risk
5510-BOIUJ,1,8.38,0,Low Risk
4471-KXAUH,1,50.84,1,Medium Risk
7638-QVMVY,1,83.81,1,High Risk
3244-DCJWY,1,46.89,0,Medium Risk
0875-CABNR,1,69.91,1,High Risk
7812-FZHPE,1,17.88,0,Low Risk
4797-AXPXK,1,20.18,0,Low Risk
5229-PRWKT,1,92.0,1,High Risk
6982-UQZLY,1,45.82,0,Medium Risk
5057-LCOUI,1,51.8,1,Medium Risk
0193-ESZXP,1,32.08,0,Medium Risk
4369-HTUIF,1,75.81,1,High Risk
0156-FVPTA,1,26.92,0,Low Risk
1984-FCOWB,1,41.13,0,Medium Risk
0654-HMSHN,1,80.39,1,High Risk
5287-QWLKY,1,24.95,0,Low Risk
5196-SGOAK,1,51.14,1,Medium Risk
1891-UAWWU,1,90.55,1,High Risk
6108-OQZDQ,1,90.53,1,High Risk
0363-QJVFX,1,46.27,0,Medium Risk
9840-DVNDC,1,73.75,1,High Risk
3096-JRDSO,1,42.67,0,Medium Risk
8042-JVNFH,1,52.55,1,Medium Risk
3374-LXDEV,1,69.74,1,High Risk
5049-GLYVG,1,36.33,0,Medium Risk
5883-GTGVD,1,86.91,1,High Risk
4817-QRJSX,1,51.87,1,Medium Risk
2398-YPMUR,1,80.83,1,High Risk
9985-MWVIX,1,76.71,1,High Risk
1265-XTECC,1,27.65,0,Low Risk
2237-ZFSMY,1,24.15,0,Low Risk
4871-JTKJF,1,68.19,1,High Risk
1415-YFWLT,1,91.82,1,High Risk
6711-VTNRE,1,56.11,1,Medium Risk
3500-RMZLT,1,50.05,1,Medium Risk
4548-SDBKE,1,94.39,1,High Risk
8066-POXGX,1,62.0,1,High Risk
4143-OOBWZ,1,79.7,1,High Risk
7854-EKTJL,1,6.3,0,Low Risk
9102-IAYHT,1,77.92,1,High Risk
3422-LYEPQ,1,78.95,1,High Risk
2642-DTVCO,1,78.55,1,High Risk
4361-JEIVL,1,41.55,0,Medium Risk
1363-TXLSL,1,66.82,1,High Risk
9507-EXLTT,1,90.94,1,High Risk
9846-GKXAS,1,57.28,1,Medium Risk
6017-PPLPX,1,86.04,1,High Risk
7136-RVDTZ,1,16.46,0,Low Risk
4581-SSPWD,1,87.37,1,High Risk
6927-WTFIV,1,44.79,0,Medium Risk
3398-ZOUAA,1,60.19,1,High Risk
0378-NHQXU,1,77.11,1,High Risk
4512-ZUIYL,1,37.64,0,Medium Risk
7969-AULMZ,1,83.49,1,High Risk
0568-ONFPC,1,13.87,0,Low Risk
0733-VUNUW,1,32.75,0,Medium Risk
4550-EVXNY,1,73.66,1,High Risk
2968-SSGAA,1,80.7,1,High Risk
4844-JJWUY,1,78.96,1,High Risk
6777-TGHTM,1,21.62,0,Low Risk
3538-WZPHD,1,69.53,1,High Risk
4785-QRJHC,1,17.16,0,Low Risk
8610-WFCJF,1,65.65,1,High Risk
4905-JEFDW,1,44.91,0,Medium Risk
7881-INRLC,1,55.08,1,Medium Risk
0117-LFRMW,1,4.72,0,Low Risk
6172-FECYY,1,57.01,1,Medium Risk
1965-AKTSX,1,81.15,1,High Risk
4786-UKSNZ,1,37.27,0,Medium Risk
7248-VZQLC,1,42.04,0,Medium Risk
0011-IGKFF,1,92.84,1,High Risk
4192-GORJT,1,88.04,1,High Risk
6496-SLWHQ,1,82.28,1,High Risk
9912-GVSEQ,1,63.64,1,High Risk
5383-MMTWC,1,84.03,1,High Risk
7240-ETPTR,1,91.98,1,High Risk
2202-CUYXZ,1,85.09,1,High Risk
5995-OIGLP,1,27.97,0,Low Risk
6261-RCVNS,1,6.57,0,Low Risk
7951-QKZPL,1,17.32,0,Low Risk
3640-PHQXK,1,64.91,1,High Risk
6877-LGWXO,1,72.34,1,High Risk
8019-ENHXU,1,52.22,1,Medium Risk
5167-GBFRE,1,62.1,1,High Risk
9033-EOXWV,1,11.36,0,Low Risk
1324-NLTJE,1,70.23,1,High Risk
1522-VVDMG,1,67.98,1,High Risk
9185-TQCVP,1,87.87,1,High Risk
5567-WSELE,1,92.11,1,High Risk
8063-RJYNF,1,79.77,1,High Risk
0687-ZVTHB,1,11.53,0,Low Risk
9661-ACXBS,1,67.55,1,High Risk
3727-RJMEO,1,81.55,1,High Risk
6646-VRFOL,1,72.69,1,High Risk
5685-IIXLY,1,77.53,1,High Risk
4250-ZBWLV,1,19.71,0,Low Risk
5095-AESKG,1,89.38,1,High Risk
1871-MOWRM,1,41.69,0,Medium Risk
2027-OAQQC,1,41.12,0,Medium Risk
9090-SGQXL,1,57.48,1,Medium Risk
6595-YGXIT,1,90.17,1,High Risk
9835-ZIITK,1,33.83,0,Medium Risk
1555-DJEQW,1,16.35,0,Low Risk
5649-TJHOV,1,43.36,0,Medium Risk
0519-XUZJU,1,58.81,1,Medium Risk
6338-AVWCY,1,46.73,0,Medium Risk
9253-QXKBE,1,83.83,1,High Risk
9445-SZLCH,1,57.49,1,Medium Risk
7568-PODML,1,80.85,1,High Risk
5349-IECLD,1,78.99,1,High Risk
3945-GFWQL,1,16.7,0,Low Risk
3797-VTIDR,1,83.23,1,High Risk
9526-BIHHD,1,56.49,1,Medium Risk
4523-WXCEF,1,60.0,1,Medium Risk
8364-TRMMK,1,39.73,0,Medium Risk
3063-QFSZL,1,74.86,1,High Risk
8775-LHDJH,1,87.66,1,High Risk
3097-NQYSN,1,86.93,1,High Risk
3565-UNOCC,1,70.14,1,High Risk
9249-FXSCK,1,37.37,0,Medium Risk
5493-SDRDQ,1,42.27,0,Medium Risk
0871-URUWO,1,79.4,1,High Risk
9190-MFJLN,1,89.7,1,High Risk
1095-JUDTC,1,45.02,0,Medium Risk
0870-VEMYL,1,32.01,0,Medium Risk
5385-SUIRI,1,83.43,1,High Risk
3982-XWFZQ,1,23.52,0,Low Risk
4009-ALQFH,1,44.14,0,Medium Risk
3627-FCRDW,1,56.59,1,Medium Risk
7562-GSUHK,1,61.92,1,High Risk
4903-UYAVB,1,32.39,0,Medium Risk
6776-TLWOI,1,11.23,0,Low Risk
4077-CROMM,1,73.6,1,High Risk
2868-MZAGQ,1,69.13,1,High Risk
4847-QNOKA,1,58.85,1,Medium Risk
6379-RXJRQ,1,88.53,1,High Risk
8650-RHRKE,1,71.24,1,High Risk
0475-RIJEP,1,56.47,1,Medium Risk
1260-TTRXI,1,49.11,0,Medium Risk
6328-ZPBGN,1,84.04,1,High Risk
4789-KWMXN,1,18.85,0,Low Risk
2867-UIMSS,1,74.9,1,High Risk
8111-RKSPX,1,84.34,1,High Risk
1585-MQSSU,1,37.19,0,Medium Risk
2856-NNASM,1,70.7,1,High Risk
8559-CIZFV,1,18.87,0,Low Risk
7547-EKNFS,1,71.04,1,High Risk
6769-DYBQN,1,33.69,0,Medium Risk
4439-JMPMT,1,85.23,1,High Risk
2446-BEGGB,1,95.4,1,High Risk
1496-GGSUK,1,72.28,1,High Risk
2575-GFSOE,1,80.73,1,High Risk
2842-JTCCU,1,43.87,0,Medium Risk
3296-SILRA,1,77.04,1,High Risk
9681-OXGVC,1,85.56,1,High Risk
5180-UCIIQ,1,21.19,0,Low Risk
7153-OANIO,1,75.31,1,High Risk
6521-YYTYI,1,75.87,1,High Risk
8878-HMWBV,1,67.82,1,High Risk
3751-KTZEL,1,60.12,1,High Risk
1977-STDKI,1,82.08,1,High Risk
5813-UECBU,1,59.86,1,Medium Risk
0328-GRPMV,1,75.54,1,High Risk
4342-HENTK,1,55.44,1,Medium Risk
4195-SMMNX,1,33.65,0,Medium Risk
6956-SMUCM,1,83.41,1,High Risk
3223-WZWJM,1,61.16,1,High Risk
9053-JZFKV,1,10.9,0,Low Risk
2530-ENDWQ,1,34.34,0,Medium Risk
6615-ZGEDR,1,76.13,1,High Risk
9250-WYPLL,1,60.15,1,High Risk
2754-XBHTB,1,73.87,1,High Risk
1597-LHYNC,1,51.03,1,Medium Risk
7055-VKGDA,1,20.84,0,Low Risk
0754-UKWQP,1,70.66,1,High Risk
7493-TPUWZ,1,81.79,1,High Risk
1577-HKTFG,1,38.02,0,Medium Risk
8752-STIVR,1,77.17,1,High Risk
4558-FANTW,1,59.28,1,Medium Risk
8651-ENBZX,1,62.92,1,High Risk
7623-TRNQN,1,7.78,0,Low Risk
9330-IJWIO,1,71.71,1,High Risk
9286-DOJGF,1,77.56,1,High Risk
9661-MHUMO,1,28.71,0,Low Risk
1842-EZJMK,1,71.5,1,High Risk
8079-XRJRS,1,26.47,0,Low Risk
8073-IJDCM,1,48.17,0,Medium Risk
8884-ADFVN,1,86.81,1,High Risk
2720-WGKHP,1,88.53,1,High Risk
2869-ADAWR,1,28.25,0,Low Risk
9894-EZEWG,1,75.79,1,High Risk
7851-FLGGQ,1,52.93,1,Medium Risk
0637-UBJRP,1,68.13,1,High Risk
0940-OUQEC,1,68.96,1,High Risk
0702-PGIBZ,1,85.78,1,High Risk
1963-VAUKV,1,15.85,0,Low Risk
3058-HJCUY,1,56.06,1,Medium Risk
3259-FDWOY,1,38.16,0,Medium Risk
0807-ZABDG,1,12.05,0,Low Risk
5748-RNCJT,1,9.93,0,Low Risk
7739-LAXOG,1,62.25,1,High Risk
9776-CLUJA,1,39.63,0,Medium Risk
6034-ZRYCV,1,15.0,0,Low Risk
2079-FBMZK,1,51.88,1,Medium Risk
6608-QQLVK,1,61.66,1,High Risk
3551-HUAZH,1,66.51,1,High Risk
6302-JGYRJ,1,15.38,0,Low Risk
3685-YLCMQ,1,36.27,0,Medium Risk
8634-MPHTR,1,66.8,1,High Risk
8761-NSOBC,1,32.88,0,Medium Risk
8413-VONUO,1,78.35,1,High Risk
9223-UCPVT,1,77.26,1,High Risk
4351-QLCSU,1,75.73,1,High Risk
5419-JPRRN,1,86.43,1,High Risk
2100-BDNSN,1,68.28,1,High Risk
0488-GSLFR,1,71.26,1,High Risk
9318-NKNFC,1,58.86,1,Medium Risk
9728-FTTVZ,1,75.45,1,High Risk
7254-IQWOZ,1,67.97,1,High Risk
2474-BRUCM,1,58.68,1,Medium Risk
0742-NXBGR,1,75.91,1,High Risk
6110-OHIHY,1,80.17,1,High Risk
5889-LFOLL,1,60.33,1,High Risk
5708-EVONK,1,44.84,0,Medium Risk
8708-XPXHZ,1,77.4,1,High Risk
0616-ATFGB,1,56.63,1,Medium Risk
7016-BPGEU,1,40.14,0,Medium Risk
6876-ADESB,1,15.36,0,Low Risk
1963-SVUCV,1,44.04,0,Medium Risk
0220-EBGCE,1,86.2,1,High Risk
2754-VDLTR,1,80.76,1,High Risk
3190-XFANI,1,46.49,0,Medium Risk
7551-DACSP,1,22.07,0,Low Risk
7235-NXZCP,1,57.54,1,Medium Risk
0520-FDVVT,1,48.19,0,Medium Risk
1444-VVSGW,1,2.55,0,Low Risk
5712-PTIWW,1,68.51,1,High Risk
3315-TOTBP,1,69.59,1,High Risk
6661-HBGWL,1,21.41,0,Low Risk
1518-VOWAV,1,69.27,1,High Risk
5909-ECHUI,1,75.32,1,High Risk
1309-BXVOQ,1,87.97,1,High Risk
9317-WZPGV,1,68.83,1,High Risk
2856-HYAPG,1,68.02,1,High Risk
4488-PSYCG,1,16.35,0,Low Risk
3621-CEOVK,1,88.07,1,High Risk
6906-ANDWJ,1,62.73,1,High Risk
1031-IIDEO,1,85.67,1,High Risk
5832-XKAES,1,66.1,1,High Risk
4701-AHWMW,1,32.19,0,Medium Risk
9210-IAHGH,1,56.92,1,Medium Risk
0023-XUOPT,1,54.66,1,Medium Risk
4592-IWTJI,1,14.86,0,Low Risk
7632-MNYOY,1,22.72,0,Low Risk
6518-LGAOV,1,84.94,1,High Risk
7242-QZLXF,1,62.83,1,High Risk
4576-CSAJH,1,8.98,0,Low Risk
1000-AJSLD,1,35.79,0,Medium Risk
1062-LHZOD,1,83.6,1,High Risk
9600-NAXZN,1,79.62,1,High Risk
6457-USBER,1,77.37,1,High Risk
4662-EKDPQ,1,59.46,1,Medium Risk
9248-OJYKK,1,82.15,1,High Risk
3398-FSHON,1,64.29,1,High Risk
3319-DWOEP,1,92.35,1,High Risk
9259-PACGQ,1,11.21,0,Low Risk
4415-IJZTP,1,79.24,1,High Risk
1465-VINDH,1,88.14,1,High Risk
2810-FTLEM,1,21.52,0,Low Risk
1925-TIBLE,1,83.67,1,High Risk
0818-OCPZO,1,61.63,1,High Risk
1447-GIQMR,1,87.42,1,High Risk
0872-NXJYS,1,69.08,1,High Risk
9412-ARGBX,1,2.18,0,Low Risk
1389-CXMLU,1,56.24,1,Medium Risk
5561-NWEVX,1,70.89,1,High Risk
2737-WFVYW,1,86.69,1,High Risk
2272-QAGFO,1,71.57,1,High Risk
9850-OWRHQ,1,80.02,1,High Risk
3768-NLUBH,1,52.92,1,Medium Risk
8676-TRMJS,1,59.55,1,Medium Risk
7359-SSBJK,1,0.75,0,Low Risk
0685-MLYYM,1,69.26,1,High Risk
8182-PNAGI,1,39.55,0,Medium Risk
7957-RYHQD,1,37.29,0,Medium Risk
2180-DXNEG,1,76.97,1,High Risk
5515-AKOAJ,1,55.35,1,Medium Risk
8976-OQHGT,1,12.4,0,Low Risk
6230-BSUXY,1,69.19,1,High Risk
5294-CDGWY,1,18.74,0,Low Risk
5295-PCJOO,1,19.96,0,Low Risk
9863-JZAIC,1,41.91,0,Medium Risk
7660-HDPJV,1,87.34,1,High Risk
7931-PXHFC,1,19.48,0,Low Risk
3990-QYKBE,1,58.23,1,Medium Risk
4919-MOAVT,1,59.55,1,Medium Risk
3090-HAWSU,1,10.4,0,Low Risk
9820-RMCQV,1,17.48,0,Low Risk
7839-QRKXN,1,27.01,0,Low Risk
5204-QZXPU,1,55.05,1,Medium Risk
4597-ELFTS,1,3.0,0,Low Risk
8450-JOVAH,1,8.0,0,Low Risk
1113-IUJYX,1,31.37,0,Medium Risk
9274-CNFMO,1,80.94,1,High Risk
7758-XKCBS,1,50.92,1,Medium Risk
8992-JQYUN,1,67.94,1,High Risk
0617-AQNWT,1,2.8,0,Low Risk
2446-PLQVO,1,82.62,1,High Risk
3005-NFMTA,1,34.19,0,Medium Risk
8784-CGILN,1,78.74,1,High Risk
5389-FFVKB,1,38.4,0,Medium Risk
8444-WRIDW,1,17.39,0,Low Risk
9451-LPGOO,1,86.14,1,High Risk
5868-YWPDW,1,82.62,1,High Risk
2025-JKFWI,1,61.23,1,High Risk
4078-SAYYN,1,66.82,1,High Risk
9940-HPQPG,1,76.01,1,High Risk
6618-RYATB,1,87.92,1,High Risk
9079-YEXQJ,1,34.47,0,Medium Risk
2685-SREOM,1,73.73,1,High Risk
0402-CQAJN,1,73.09,1,High Risk
6692-UDPJC,1,37.42,0,Medium Risk
1273-MTETI,1,84.57,1,High Risk
5480-HPRRX,1,41.86,0,Medium Risk
0295-PPHDO,1,93.38,1,High Risk
1195-OIYEJ,1,91.01,1,High Risk
5906-CVLHP,1,7.7,0,Low Risk
4501-EQDRN,1,63.21,1,High Risk
2990-HWIML,1,80.44,1,High Risk
7384-GHBPI,1,95.78,1,High Risk
7603-USHJS,1,14.78,0,Low Risk
7234-FECYN,1,51.55,1,Medium Risk
5876-HZVZM,1,5.8,0,Low Risk
1400-MMYXY,1,83.45,1,High Risk
3085-QUOZK,1,53.37,1,Medium Risk
3926-CUQZX,1,55.84,1,Medium Risk
1041-RXHRA,1,32.91,0,Medium Risk
1750-CSKKM,1,37.28,0,Medium Risk
7142-HVGBG,1,72.4,1,High Risk
8267-ZNYVZ,1,30.87,0,Medium Risk
6457-GIRWB,1,77.96,1,High Risk
1450-SKCVI,1,42.47,0,Medium Risk
5570-PTWEH,1,70.31,1,High Risk
6502-MJQAE,1,66.23,1,High Risk
7693-LCKZL,1,38.23,0,Medium Risk
0032-PGELS,1,36.52,0,Medium Risk
6797-LNAQX,1,6.16,0,Low Risk
6394-MFYNG,1,56.21,1,Medium Risk
1564-NTYXF,1,71.94,1,High Risk
8155-IBNHG,1,75.58,1,High Risk
0886-QGENL,1,81.81,1,High Risk
8739-WWKDU,1,64.89,1,High Risk
8685-WHQPW,1,70.19,1,High Risk
4745-LSPLO,1,43.99,0,Medium Risk
8083-YTZES,1,87.65,1,High Risk
7240-FQLHE,1,73.07,1,High Risk
6664-FPDAC,1,27.06,0,Low Risk
0786-VSSUD,1,55.45,1,Medium Risk
3976-BWUCK,1,74.67,1,High Risk
3585-ISXZP,1,72.99,1,High Risk
6583-QGCSI,1,70.5,1,High Risk
4174-LPGTI,1,8.63,0,Low Risk
2108-XWMPY,1,40.72,0,Medium Risk
6304-IJFSQ,1,28.07,0,Low Risk
0093-XWZFY,1,41.48,0,Medium Risk
1980-KXVPM,1,50.42,1,Medium Risk
7703-ZEKEF,1,79.62,1,High Risk
0723-DRCLG,1,88.16,1,High Risk
5482-NUPNA,1,24.45,0,Low Risk
1122-JWTJW,1,54.25,1,Medium Risk
1699-HPSBG,1,21.5,0,Low Risk
8775-CEBBJ,1,77.51,1,High Risk
6894-LFHLY,1,78.24,1,High Risk
0639-TSIQW,1,29.07,0,Low Risk
8361-LTMKD,1,88.04,1,High Risk
7590-VHVEG,0,73.84,1,High Risk
5575-GNVDE,0,6.02,0,Low Risk
7795-CFOCW,0,8.35,0,Low Risk
1452-KIOVK,0,31.23,0,Medium Risk
6713-OKOMC,0,28.57,0,Low Risk
6388-TABGU,0,0.98,0,Low Risk
9763-GRSKD,0,6.42,0,Low Risk
7469-LKBCI,0,3.9,0,Low Risk
8091-TTVAX,0,20.13,0,Low Risk
5129-JLPIS,0,60.9,1,High Risk
3655-SNQYZ,0,5.68,0,Low Risk
8191-XWSZG,0,0.78,0,Low Risk
9959-WOFKT,0,3.3,0,Low Risk
4183-MYFRB,0,45.54,0,Medium Risk
1680-VDCWW,0,12.73,0,Low Risk
3638-WEABW,0,2.42,0,Low Risk
6322-HRPFA,0,0.52,0,Low Risk
6865-JZNKO,0,11.77,0,Low Risk
5248-YGIJN,0,3.22,0,Low Risk
3841-NFECX,0,4.16,0,Low Risk
4929-XIHVW,0,63.19,1,High Risk
6827-IEAUQ,0,4.44,0,Low Risk
7310-EGVHZ,0,13.3,0,Low Risk
3413-BMNZE,0,42.47,0,Medium Risk
6234-RAAPL,0,3.77,0,Low Risk
6572-ADKRS,0,17.51,0,Low Risk
8865-TNMNX,0,18.51,0,Low Risk
9489-DEDVP,0,2.45,0,Low Risk
9867-JCZSP,0,7.33,0,Low Risk
4671-VJLCL,0,1.31,0,Low Risk
4080-IIARD,0,33.92,0,Medium Risk
3714-NTNFO,0,50.81,1,Medium Risk
5948-UJZLF,0,31.99,0,Medium Risk
7639-LIAYI,0,3.39,0,Low Risk
2954-PIBKO,0,2.2,0,Low Risk
8012-SOUDQ,0,56.76,1,Medium Risk
6575-SUVOI,0,40.0,0,Medium Risk
4667-QONEA,0,2.24,0,Low Risk
8769-KKTPH,0,21.78,0,Low Risk
5067-XJQFU,0,20.91,0,Low Risk
3957-SQXML,0,1.14,0,Low Risk
5954-BDFSG,0,6.81,0,Low Risk
0434-CSFON,0,62.42,1,High Risk
1215-FIGMP,0,18.64,0,Low Risk
0526-SXDJP,0,0.37,0,Low Risk
0557-ASKVU,0,4.75,0,Low Risk
5122-CYFXA,0,20.03,0,Low Risk
8627-ZYGSZ,0,12.79,0,Low Risk
3410-YOQBQ,0,1.96,0,Low Risk
3170-NMYVV,0,0.21,0,Low Risk
7410-OIEDU,0,41.31,0,Medium Risk
2273-QCKXA,0,34.28,0,Medium Risk
0731-EBJQB,0,1.79,0,Low Risk
1891-QRQSA,0,2.72,0,Low Risk
8028-PNXHQ,0,0.41,0,Low Risk
5630-AHZIL,0,5.93,0,Low Risk
2673-CXQEU,0,5.23,0,Low Risk
6416-JNVRK,0,1.14,0,Low Risk
5590-ZSKRV,0,1.63,0,Low Risk
0191-ZHSKZ,0,17.61,0,Low Risk
3887-PBQAO,0,2.71,0,Low Risk
8108-UXRQN,0,23.01,0,Low Risk
9919-YLNNG,0,21.99,0,Low Risk
0318-ZOPWS,0,1.47,0,Low Risk
4445-ZJNMU,0,36.18,0,Medium Risk
4808-YNLEU,0,7.12,0,Low Risk
1862-QRWPE,0,0.95,0,Low Risk
2796-NNUFI,0,0.52,0,Low Risk
3016-KSVCP,0,15.5,0,Low Risk
4767-HZZHQ,0,4.61,0,Low Risk
2424-WVHPL,0,31.21,0,Medium Risk
7233-PAHHL,0,1.84,0,Low Risk
6067-NGCEU,0,15.32,0,Low Risk
9848-JQJTX,0,14.0,0,Low Risk
9803-FTJCG,0,0.67,0,Low Risk
3212-KXOCR,0,0.58,0,Low Risk
6380-ARCEH,0,21.31,0,Low Risk
3679-XASPY,0,6.02,0,Low Risk
7123-WQUHX,0,11.05,0,Low Risk
5386-THSLQ,0,2.91,0,Low Risk
6180-YBIQI,0,30.07,0,Medium Risk
6728-DKUCO,0,20.51,0,Low Risk
9750-BOOHV,0,5.29,0,Low Risk
8597-CWYHH,0,33.44,0,Medium Risk
2848-YXSMW,0,0.31,0,Low Risk
4549-ZDQYY,0,1.51,0,Low Risk
5712-AHQNN,0,26.15,0,Low Risk
5256-SKJGO,0,4.84,0,Low Risk
3071-VBYPO,0,11.28,0,Low Risk
9560-BBZXK,0,2.66,0,Low Risk
8402-OOOHJ,0,1.22,0,Low Risk
9445-ZUEQE,0,21.09,0,Low Risk
1091-SOZGA,0,33.44,0,Medium Risk
2928-HLDBA,0,10.97,0,Low Risk
6497-TILVL,0,1.43,0,Low Risk
7219-TLZHO,0,4.24,0,Low Risk
4622-YNKIJ,0,9.15,0,Low Risk
6734-PSBAW,0,0.35,0,Low Risk
3930-ZGWVE,0,48.8,0,Medium Risk
2639-UGMAZ,0,2.11,0,Low Risk
2876-GZYZC,0,46.25,0,Medium Risk
8587-XYZSF,0,1.63,0,Low Risk
7799-LGRDP,0,2.31,0,Low Risk
7850-VWJUU,0,32.54,0,Medium Risk
3774-VBNXY,0,0.62,0,Low Risk
6217-KDYWC,0,1.41,0,Low Risk
3146-MSEGF,0,1.54,0,Low Risk
1095-WGNGG,0,9.51,0,Low Risk
2636-SJDOU,0,16.93,0,Low Risk
1131-QQZEB,0,0.21,0,Low Risk
5716-EZXZN,0,2.77,0,Low Risk
6837-BJYDQ,0,5.51,0,Low Risk
6440-DKQGE,0,2.19,0,Low Risk
3466-BYAVD,0,13.87,0,Low Risk
3780-YVMFA,0,23.31,0,Low Risk
1679-JRFBR,0,25.42,0,Low Risk
9073-ZZIAY,0,2.52,0,Low Risk
3077-RSNTJ,0,13.26,0,Low Risk
6551-GNYDG,0,39.34,0,Medium Risk
9167-APMXZ,0,80.28,1,High Risk
2749-CTKAJ,0,9.16,0,Low Risk
6371-NZYEG,0,10.96,0,Low Risk
7554-NEWDD,0,4.88,0,Low Risk
8992-VONJD,0,7.72,0,Low Risk
4482-EWFMI,0,42.4,0,Medium Risk
4648-YPBTM,0,2.11,0,Low Risk
2907-ILJBN,0,22.57,0,Low Risk
6345-FZOQH,0,0.18,0,Low Risk
5997-OPVFA,0,3.16,0,Low Risk
1159-WFSGR,0,8.35,0,Low Risk
7654-YWJUF,0,10.14,0,Low Risk
6727-IOTLZ,0,6.84,0,Low Risk
5918-VUKWP,0,1.82,0,Low Risk
1744-JHKYS,0,19.91,0,Low Risk
5947-SGKCL,0,30.12,0,Medium Risk
3712-PKXZA,0,0.6,0,Low Risk
6582-OIVSP,0,37.38,0,Medium Risk
5524-KHNJP,0,8.51,0,Low Risk
4827-USJHP,0,33.55,0,Medium Risk
8167-GJLRN,0,28.98,0,Low Risk
0956-SYCWG,0,6.15,0,Low Risk
8017-UVSZU,0,5.49,0,Low Risk
7100-FQPRV,0,4.4,0,Low Risk
2984-RGEYA,0,0.43,0,Low Risk
9680-NIAUV,0,1.81,0,Low Risk
2146-EGVDT,0,0.56,0,Low Risk
2604-IJPDU,0,56.61,1,Medium Risk
9178-JHUVJ,0,0.61,0,Low Risk
6168-YBYNP,0,28.44,0,Low Risk
7255-SSFBC,0,1.33,0,Low Risk
3645-DEYGF,0,2.26,0,Low Risk
9323-HGFWY,0,26.86,0,Low Risk
8544-GOQSH,0,45.22,0,Medium Risk
3363-DTIVD,0,2.26,0,Low Risk
7018-WBJNK,0,10.66,0,Low Risk
9142-KZXOP,0,18.02,0,Low Risk
7674-YTAFD,0,17.24,0,Low Risk
6348-SNFUS,0,1.46,0,Low Risk
1347-KTTTA,0,13.04,0,Low Risk
4195-NZGTA,0,49.22,0,Medium Risk
7157-SMCFK,0,0.03,0,Low Risk
4709-LKHYG,0,10.93,0,Low Risk
2504-DSHIH,0,57.61,1,Medium Risk
0699-NDKJM,0,5.18,0,Low Risk
9286-BHDQG,0,0.64,0,Low Risk
0230-WEQUW,0,0.78,0,Low Risk
2040-LDIWQ,0,2.19,0,Low Risk
6496-JDSSB,0,39.22,0,Medium Risk
4443-EMBNA,0,0.37,0,Low Risk
6469-MRVET,0,19.83,0,Low Risk
5961-VUSRV,0,11.87,0,Low Risk
6778-JFCMK,0,8.01,0,Low Risk
6341-JVQGF,0,5.04,0,Low Risk
4811-JBUVU,0,54.01,1,Medium Risk
0945-TSONX,0,2.09,0,Low Risk
2651-ZCBXV,0,5.89,0,Low Risk
3316-UWXUY,0,7.94,0,Low Risk
7083-MIOPC,0,0.08,0,Low Risk
1984-GPTEH,0,5.35,0,Low Risk
0621-JFHOL,0,17.68,0,Low Risk
9903-LYSAB,0,38.53,0,Medium Risk
9227-UAQFT,0,7.47,0,Low Risk
7301-ABVAD,0,0.45,0,Low Risk
6614-FHDBO,0,2.6,0,Low Risk
7576-ASEJU,0,8.41,0,Low Risk
9058-HRZSV,0,9.18,0,Low Risk
4522-AKYLR,0,21.37,0,Low Risk
0221-WMXNQ,0,54.28,1,Medium Risk
0303-UNCIP,0,8.24,0,Low Risk
0959-WHOKV,0,19.96,0,Low Risk
4075-JFPGR,0,18.81,0,Low Risk
3282-ZISZV,0,10.59,0,Low Risk
3675-YDUPJ,0,25.78,0,Low Risk
4111-BNXIF,0,3.8,0,Low Risk
7017-VFHAY,0,0.53,0,Low Risk
6655-LHBYW,0,5.49,0,Low Risk
5046-NUHWD,0,38.9,0,Medium Risk
7529-ZDFXI,0,23.33,0,Low Risk
7605-BDWDC,0,4.73,0,Low Risk
1950-KSVVJ,0,22.26,0,Low Risk
0123-CRBRT,0,2.26,0,Low Risk
6292-TOSSS,0,0.51,0,Low Risk
3197-ARFOY,0,49.21,0,Medium Risk
7014-ZZXAW,0,0.84,0,Low Risk
7633-MVPUY,0,0.54,0,Low Risk
4716-HHKQH,0,77.87,1,High Risk
3179-GBRWV,0,17.65,0,Low Risk
8645-KWHJO,0,33.93,0,Medium Risk
4130-MZLCC,0,10.1,0,Low Risk
0314-TKOSI,0,5.69,0,Low Risk
8229-MYEJZ,0,12.68,0,Low Risk
2080-SRCDE,0,10.76,0,Low Risk
9577-WJVCQ,0,2.22,0,Low Risk
6202-DYYFX,0,37.09,0,Medium Risk
3808-HFKDE,0,31.06,0,Medium Risk
3727-OWVYD,0,5.23,0,Low Risk
2294-SALNE,0,20.46,0,Low Risk
4847-TAJYI,0,53.7,1,Medium Risk
1563-IWQEX,0,6.52,0,Low Risk
8203-XJZRC,0,16.32,0,Low Risk
6556-DBKZF,0,0.85,0,Low Risk
6851-WEFYX,0,44.19,0,Medium Risk
2985-JUUBZ,0,17.87,0,Low Risk
0895-LMRSF,0,52.77,1,Medium Risk
8266-VBFQL,0,80.26,1,High Risk
8181-YHCMF,0,0.82,0,Low Risk
2240-HSJQD,0,4.48,0,Low Risk
1248-DYXUB,0,0.09,0,Low Risk
4115-BNPJY,0,3.61,0,Low Risk
3167-SNQPL,0,8.01,0,Low Risk
4091-TVOCN,0,4.93,0,Low Risk
1098-TDVUQ,0,25.76,0,Low Risk
7277-OZCGZ,0,37.94,0,Medium Risk
1557-EMYVT,0,5.44,0,Low Risk
2799-ARNLO,0,71.27,1,High Risk
5027-YOCXN,0,32.4,0,Medium Risk
3973-SKMLN,0,0.39,0,Low Risk
6745-JEFZB,0,54.17,1,Medium Risk
9880-TDQAC,0,6.11,0,Low Risk
8705-WZCYL,0,51.04,1,Medium Risk
7102-JJVTX,0,10.72,0,Low Risk
8626-PTQGE,0,1.3,0,Low Risk
4983-CLMLV,0,30.56,0,Medium Risk
5701-YVSVF,0,52.26,1,Medium Risk
5697-GOMBF,0,16.84,0,Low Risk
2739-CACDQ,0,37.78,0,Medium Risk
9385-EHGDO,0,0.59,0,Low Risk
9498-FIMXL,0,9.88,0,Low Risk
2379-GYFLQ,0,28.49,0,Low Risk
2088-IEBAU,0,1.9,0,Low Risk
7982-VCELR,0,26.64,0,Low Risk
6035-BXTTY,0,6.55,0,Low Risk
6885-PKOAM,0,1.58,0,Low Risk
7520-HQWJU,0,0.42,0,Low Risk
9639-BUJXT,0,1.23,0,Low Risk
5924-SNGKP,0,3.55,0,Low Risk
0021-IKXGC,0,75.65,1,High Risk
8966-SNIZF,0,0.12,0,Low Risk
6243-OZGFH,0,37.45,0,Medium Risk
4654-DLAMQ,0,2.2,0,Low Risk
0513-RBGPE,0,3.0,0,Low Risk
5160-UXJED,0,14.25,0,Low Risk
4115-NZRKS,0,81.56,1,High Risk
3351-NGXYI,0,50.56,1,Medium Risk
8984-EYLLL,0,15.74,0,Low Risk
9833-TGFHX,0,31.38,0,Medium Risk
9294-TDIPC,0,6.84,0,Low Risk
5229-DTFYB,0,28.45,0,Low Risk
0104-PPXDV,0,5.3,0,Low Risk
5176-LMJXE,0,1.83,0,Low Risk
3583-KRKMD,0,43.99,0,Medium Risk
9069-LGEUL,0,34.13,0,Medium Risk
7302-ZHMHP,0,31.79,0,Medium Risk
9571-EDEBV,0,21.11,0,Low Risk
3520-FJGCV,0,2.21,0,Low Risk
6563-VRERX,0,7.21,0,Low Risk
6122-EFVKN,0,5.9,0,Low Risk
2805-EDJPQ,0,14.43,0,Low Risk
6862-CQUMB,0,49.29,0,Medium Risk
7156-MXBJE,0,7.01,0,Low Risk
6158-HDPXZ,0,68.31,1,High Risk
2863-IMQDR,0,6.84,0,Low Risk
5686-CMAWK,0,24.73,0,Low Risk
5651-CRHKQ,0,12.28,0,Low Risk
8204-YJCLA,0,1.57,0,Low Risk
6583-SZVGP,0,10.91,0,Low Risk
1708-PBBOA,0,9.0,0,Low Risk
8782-LKFPK,0,48.89,0,Medium Risk
5522-JBWMO,0,10.41,0,Low Risk
3597-MVHJT,0,28.73,0,Low Risk
9774-NRNAU,0,31.22,0,Medium Risk
0224-RLWWD,0,49.54,0,Medium Risk
9967-ATRFS,0,5.7,0,Low Risk
3951-NJCVI,0,39.04,0,Medium Risk
2977-CEBSX,0,1.44,0,Low Risk
0177-PXBAT,0,45.56,0,Medium Risk
2519-ERQOJ,0,34.92,0,Medium Risk
5876-QMYLD,0,3.58,0,Low Risk
2277-AXSDC,0,1.1,0,Low Risk
9442-JTWDL,0,12.82,0,Low Risk
3067-SVMTC,0,1.12,0,Low Risk
5495-GPSRW,0,2.46,0,Low Risk
7606-BPHHN,0,0.21,0,Low Risk
4742-DRORA,0,6.97,0,Low Risk
0111-KLBQG,0,7.7,0,Low Risk
4163-NCJAK,0,2.09,0,Low Risk
5233-AOZUF,0,57.41,1,Medium Risk
5973-EJGDP,0,23.82,0,Low Risk
1996-DBMUS,0,11.15,0,Low Risk
7916-VCCPB,0,16.24,0,Low Risk
4686-GEFRM,0,2.69,0,Low Risk
5249-QYHEX,0,0.32,0,Low Risk
2233-FAGXV,0,6.12,0,Low Risk
5605-IYGFG,0,31.91,0,Medium Risk
7663-ZTEGJ,0,17.77,0,Low Risk
3935-TBRZZ,0,1.51,0,Low Risk
8111-BKVDS,0,24.36,0,Low Risk
2055-SIFSS,0,11.92,0,Low Risk
2806-MLNTI,0,45.13,0,Medium Risk
8734-DKSTZ,0,17.32,0,Low Risk
4360-PNRQB,0,38.42,0,Medium Risk
6152-ONASV,0,3.25,0,Low Risk
7781-HVGMK,0,0.95,0,Low Risk
2181-UAESM,0,49.24,0,Medium Risk
6048-NJXHX,0,2.69,0,Low Risk
2320-SLKMB,0,23.32,0,Low Risk
4980-URKXC,0,1.34,0,Low Risk
4376-KFVRS,0,5.64,0,Low Risk
5886-VLQVU,0,25.02,0,Low Risk
3577-AMVUX,0,27.78,0,Low Risk
0771-WLCLA,0,18.63,0,Low Risk
5628-RKIFK,0,31.48,0,Medium Risk
0206-TBWLC,0,13.46,0,Low Risk
2937-FTHUR,0,7.24,0,Low Risk
1910-FMXJM,0,52.06,1,Medium Risk
0732-OCQOC,0,1.1,0,Low Risk
5168-MSWXT,0,22.83,0,Low Risk
1090-ESELR,0,6.35,0,Low Risk
8592-PLTMQ,0,0.5,0,Low Risk
5760-WRAHC,0,7.37,0,Low Risk
8847-GEOOQ,0,15.9,0,Low Risk
4785-FCIFB,0,0.41,0,Low Risk
8313-NDOIA,0,56.58,1,Medium Risk
5149-CUZUJ,0,7.74,0,Low Risk
0942-KOWSM,0,2.25,0,Low Risk
4237-CLSMM,0,38.43,0,Medium Risk
1452-VOQCH,0,53.3,1,Medium Risk
4719-UMSIY,0,2.11,0,Low Risk
6614-VBEGU,0,21.0,0,Low Risk
1480-BKXGA,0,7.13,0,Low Risk
2996-XAUVF,0,1.39,0,Low Risk
9076-AXYIK,0,8.99,0,Low Risk
5968-XQIVE,0,18.73,0,Low Risk
8896-RAZCR,0,0.9,0,Low Risk
4933-IKULF,0,2.7,0,Low Risk
1304-BCCFO,0,54.05,1,Medium Risk
4104-PVRPS,0,8.26,0,Low Risk
3780-DDGSE,0,11.92,0,Low Risk
4431-EDMIQ,0,10.0,0,Low Risk
0486-LGCCH,0,0.92,0,Low Risk
4612-SSVHJ,0,47.95,0,Medium Risk
5168-MQQCA,0,13.92,0,Low Risk
7971-HLVXI,0,3.58,0,Low Risk
9094-AZPHK,0,67.74,1,High Risk
3649-JPUGY,0,1.38,0,Low Risk
4472-LVYGI,0,30.0,0,Low Risk
3552-CTCYF,0,4.27,0,Low Risk
6778-YSNIH,0,28.71,0,Low Risk
5756-OZRIO,0,2.2,0,Low Risk
6579-JPICP,0,16.26,0,Low Risk
4134-BSXLX,0,6.81,0,Low Risk
0505-SPOOW,0,0.25,0,Low Risk
4374-YMUSQ,0,7.67,0,Low Risk
4513-CXYIX,0,2.6,0,Low Risk
3957-HHLMR,0,2.74,0,Low Risk
7803-XOCCZ,0,2.19,0,Low Risk
5736-YEJAX,0,0.86,0,Low Risk
8981-FJGLA,0,14.49,0,Low Risk
1135-LMECX,0,14.77,0,Low Risk
4332-MUOEZ,0,10.47,0,Low Risk
8535-SFUTN,0,35.19,0,Medium Risk
8677-HDZEE,0,16.93,0,Low Risk
2475-MROZF,0,18.19,0,Low Risk
3482-ABPKK,0,2.52,0,Low Risk
6705-LXORM,0,66.73,1,High Risk
7531-GQHME,0,20.73,0,Low Risk
5174-ITUMV,0,10.24,0,Low Risk
4109-CYRBD,0,17.92,0,Low Risk
0913-XWSCN,0,4.49,0,Low Risk
0750-EBAIU,0,21.51,0,Low Risk
8606-CIQUL,0,4.43,0,Low Risk
3571-DPYUH,0,8.57,0,Low Risk
7601-GNDYK,0,0.25,0,Low Risk
0356-OBMAC,0,3.22,0,Low Risk
8067-NIOYM,0,0.26,0,Low Risk
1403-GYAFU,0,0.02,0,Low Risk
4234-XTNEA,0,55.47,1,Medium Risk
1297-VQDRP,0,8.41,0,Low Risk
5348-CAGXB,0,45.2,0,Medium Risk
0621-HJWXJ,0,9.42,0,Low Risk
5844-QVTAT,0,5.11,0,Low Risk
8905-IAZPF,0,10.8,0,Low Risk
5394-MEITZ,0,6.92,0,Low Risk
6859-QNXIQ,0,1.88,0,Low Risk
2782-LFZVW,0,74.94,1,High Risk
2866-IKBTM,0,21.29,0,Low Risk
7129-AZJDE,0,11.14,0,Low Risk
2560-PPCHE,0,17.7,0,Low Risk
4676-MQUEA,0,21.04,0,Low Risk
8138-EALND,0,6.82,0,Low Risk
3580-HYCSP,0,1.31,0,Low Risk
1352-HNSAW,0,1.05,0,Low Risk
2075-PUEPR,0,0.11,0,Low Risk
1982-FEBTD,0,0.47,0,Low Risk
5791-KAJFD,0,4.15,0,Low Risk
2654-VBVPB,0,12.39,0,Low Risk
1154-HYWWO,0,1.84,0,Low Risk
2501-XWWTZ,0,40.02,0,Medium Risk
3716-UVSPD,0,16.52,0,Low Risk
6815-ABQFQ,0,45.41,0,Medium Risk
7343-EOBEU,0,25.3,0,Low Risk
3701-SFMUH,0,16.17,0,Low Risk
6103-LIANB,0,1.88,0,Low Risk
7319-VENRZ,0,27.42,0,Low Risk
5846-NEQVZ,0,0.92,0,Low Risk
6967-QIQRV,0,9.88,0,Low Risk
5781-RFZRP,0,0.67,0,Low Risk
0308-IVGOK,0,18.45,0,Low Risk
7293-LSCDV,0,0.14,0,Low Risk
7025-WCBNE,0,3.65,0,Low Risk
5756-JYOJT,0,9.21,0,Low Risk
6030-REHUX,0,41.96,0,Medium Risk
9548-LIGTA,0,3.74,0,Low Risk
5150-LJNSR,0,4.96,0,Low Risk
8270-RKSAP,0,29.56,0,Low Risk
6522-YRBXD,0,23.1,0,Low Risk
2640-LYMOV,0,8.41,0,Low Risk
1423-BMPBQ,0,4.93,0,Low Risk
2393-DIVAI,0,37.42,0,Medium Risk
4568-KNYWR,0,1.67,0,Low Risk
8752-IMQOS,0,6.12,0,Low Risk
0742-LAFQK,0,10.07,0,Low Risk
0795-LAFGP,0,1.1,0,Low Risk
0619-OLYUR,0,3.3,0,Low Risk
5512-IDZEI,0,1.51,0,Low Risk
0459-SPZHJ,0,1.42,0,Low Risk
0215-BQKGS,0,16.85,0,Low Risk
9244-ZVAPM,0,20.75,0,Low Risk
8208-EUMTE,0,5.8,0,Low Risk
5172-MIGPM,0,25.66,0,Low Risk
1710-RCXUS,0,9.12,0,Low Risk
0374-FIUCA,0,0.18,0,Low Risk
5839-SUYVZ,0,29.83,0,Low Risk
5173-ZXXXL,0,3.34,0,Low Risk
1096-ADRUX,0,2.1,0,Low Risk
2001-MCUUW,0,7.26,0,Low Risk
2731-GJRDG,0,14.45,0,Low Risk
4723-BEGSG,0,0.83,0,Low Risk
6516-NKQBO,0,1.91,0,Low Risk
8672-OAUPW,0,2.28,0,Low Risk
8207-DMRVL,0,1.98,0,Low Risk
2804-ETQDK,0,0.05,0,Low Risk
6689-VRRTK,0,29.68,0,Low Risk
7138-GIRSH,0,2.04,0,Low Risk
9396-ZSFLL,0,27.69,0,Low Risk
6464-KEXXH,0,33.6,0,Medium Risk
7134-MJPDY,0,21.21,0,Low Risk
5240-CAOYT,0,16.02,0,Low Risk
4059-IIEBK,0,44.36,0,Medium Risk
4881-JVQOD,0,32.71,0,Medium Risk
0516-UXRMT,0,10.6,0,Low Risk
4851-BQDNX,0,8.99,0,Low Risk
5148-HKFIR,0,15.72,0,Low Risk
3003-CMDUU,0,65.48,1,High Risk
5016-IBERQ,0,55.6,1,Medium Risk
6797-UCJHZ,0,16.21,0,Low Risk
2469-DTSGX,0,11.75,0,Low Risk
9931-KGHOA,0,20.92,0,Low Risk
1775-KWJKQ,0,3.7,0,Low Risk
7665-VIGUD,0,22.08,0,Low Risk
9411-TPQQV,0,12.55,0,Low Risk
7954-MLBUN,0,12.27,0,Low Risk
2077-DDHJK,0,0.62,0,Low Risk
9574-BOSMD,0,0.08,0,Low Risk
4908-XAXAY,0,16.65,0,Low Risk
8404-VLQFB,0,9.57,0,Low Risk
2391-IPLOP,0,19.96,0,Low Risk
3509-GWQGF,0,20.54,0,Low Risk
5845-BZZIB,0,0.15,0,Low Risk
1140-UKVZG,0,18.99,0,Low Risk
5183-SNMJQ,0,30.42,0,Medium Risk
8100-PNJMH,0,2.07,0,Low Risk
7838-LAZFO,0,2.7,0,Low Risk
2085-JVGAD,0,3.91,0,Low Risk
8095-WANWK,0,14.63,0,Low Risk
3030-ZKIWL,0,13.02,0,Low Risk
9565-FLVCG,0,1.78,0,Low Risk
8755-OGKNA,0,0.06,0,Low Risk
2800-VEQXM,0,47.5,0,Medium Risk
5533-RJFTJ,0,43.94,0,Medium Risk
0214-JHPFW,0,1.3,0,Low Risk
5642-MHDQT,0,0.99,0,Low Risk
3088-FVYWK,0,0.29,0,Low Risk
9092-GDZKO,0,21.94,0,Low Risk
3729-OWRVL,0,5.24,0,Low Risk
2324-AALNO,0,1.21,0,Low Risk
5760-IFJOZ,0,70.41,1,High Risk
2826-UWHIS,0,26.65,0,Low Risk
7501-IWUNG,0,2.74,0,Low Risk
4957-TREIR,0,24.64,0,Low Risk
7251-LJBQN,0,22.02,0,Low Risk
8040-MNRTF,0,59.31,1,Medium Risk
1536-HBSWP,0,61.82,1,High Risk
5313-FPXWG,0,0.7,0,Low Risk
0946-FKYTX,0,5.45,0,Low Risk
5076-YVXCM,0,19.11,0,Low Risk
8262-COGGB,0,43.48,0,Medium Risk
6663-JOCQO,0,9.01,0,Low Risk
9620-QJREV,0,0.82,0,Low Risk
2682-KEVRP,0,4.52,0,Low Risk
2480-JZOSN,0,38.29,0,Medium Risk
0078-XZMHT,0,2.24,0,Low Risk
9978-HYCIN,0,1.52,0,Low Risk
8338-QIUNR,0,0.38,0,Low Risk
1525-LNLOJ,0,1.16,0,Low Risk
9450-TRJUU,0,24.74,0,Low Risk
1766-GKNMI,0,25.57,0,Low Risk
6942-LBFDP,0,9.77,0,Low Risk
1456-TWCGB,0,12.08,0,Low Risk
7596-ZYWBB,0,0.23,0,Low Risk
8329-UTMVM,0,12.52,0,Low Risk
3014-WJKSM,0,56.26,1,Medium Risk
3347-YJZZE,0,3.3,0,Low Risk
7929-DMBCV,0,20.55,0,Low Risk
9661-JALZV,0,0.19,0,Low Risk
5433-KYGHE,0,6.2,0,Low Risk
4312-KFRXN,0,2.55,0,Low Risk
5575-TPIZQ,0,41.71,0,Medium Risk
0114-IGABW,0,1.56,0,Low Risk
9944-AEXBM,0,75.29,1,High Risk
1853-ARAAQ,0,28.49,0,Low Risk
6952-OMNWB,0,11.92,0,Low Risk
4697-LUPSU,0,6.67,0,Low Risk
8434-VGEQQ,0,0.6,0,Low Risk
6549-YMFAW,0,19.19,0,Low Risk
4950-HKQTE,0,2.64,0,Low Risk
6786-OBWQR,0,51.26,1,Medium Risk
2753-JMMCV,0,1.78,0,Low Risk
6621-YOBKI,0,12.19,0,Low Risk
1216-JWVUX,0,9.45,0,Low Risk
7564-GHCVB,0,1.21,0,Low Risk
1173-NOEYG,0,34.05,0,Medium Risk
7595-EHCDL,0,2.46,0,Low Risk
6647-ZEDXT,0,7.45,0,Low Risk
2521-NPUZR,0,0.87,0,Low Risk
1307-TVUFB,0,16.63,0,Low Risk
7503-MIOGA,0,0.92,0,Low Risk
4381-MHQDC,0,2.42,0,Low Risk
6923-JHPMP,0,79.53,1,High Risk
4018-PPNDW,0,0.33,0,Low Risk
1635-FJFCC,0,23.86,0,Low Risk
2499-AJYUA,0,4.41,0,Low Risk
6919-ELBGL,0,6.07,0,Low Risk
3966-HRMZA,0,28.06,0,Low Risk
6425-JWTDV,0,0.67,0,Low Risk
8405-IGQFX,0,3.87,0,Low Risk
8224-IVVPA,0,7.32,0,Low Risk
9477-LGWQI,0,0.94,0,Low Risk
1410-RSCMR,0,5.91,0,Low Risk
3115-CZMZD,0,7.15,0,Low Risk
0139-IVFJG,0,65.46,1,High Risk
5730-DBDSI,0,0.2,0,Low Risk
0030-FNXPP,0,12.45,0,Low Risk
5684-FJVYR,0,4.27,0,Low Risk
4013-GUXND,0,33.69,0,Medium Risk
1266-NZYUI,0,1.09,0,Low Risk
7969-FFOWG,0,0.17,0,Low Risk
4718-DHSMV,0,31.98,0,Medium Risk
5175-WLYXL,0,40.61,0,Medium Risk
7817-OMJNA,0,2.14,0,Low Risk
8728-SKJLR,0,21.06,0,Low Risk
3137-NYQQI,0,25.68,0,Low Risk
7706-DZNKK,0,16.42,0,Low Risk
8823-RLPWL,0,8.66,0,Low Risk
9505-SQFSW,0,15.23,0,Low Risk
3758-CKOQL,0,21.2,0,Low Risk
5676-CFLYY,0,2.6,0,Low Risk
7521-AFHAB,0,5.61,0,Low Risk
0285-INHLN,0,7.11,0,Low Risk
5125-CNDSP,0,1.78,0,Low Risk
4992-LTJNE,0,1.33,0,Low Risk
2202-OUTMO,0,8.72,0,Low Risk
0810-BDHAW,0,11.97,0,Low Risk
0229-LFJAF,0,0.18,0,Low Risk
7131-ZQZNK,0,1.77,0,Low Risk
3442-ZHHCC,0,1.2,0,Low Risk
5726-CVNYA,0,6.79,0,Low Risk
9871-ELEYA,0,1.24,0,Low Risk
4257-GAESD,0,70.52,1,High Risk
5173-WXOQV,0,24.94,0,Low Risk
2040-OBMLJ,0,14.33,0,Low Risk
6286-ZHAOK,0,1.85,0,Low Risk
3807-XHCJH,0,4.95,0,Low Risk
5671-RQRLP,0,6.37,0,Low Risk
8859-AXJZP,0,3.45,0,Low Risk
3174-AKMAS,0,6.17,0,Low Risk
9926-PJHDQ,0,6.16,0,Low Risk
7382-DFJTU,0,6.82,0,Low Risk
2798-NYLMZ,0,2.41,0,Low Risk
8098-TDCBU,0,1.47,0,Low Risk
3551-GAEGL,0,9.55,0,Low Risk
4785-NKHCX,0,9.99,0,Low Risk
3196-NVXLZ,0,37.28,0,Medium Risk
0036-IHMOT,0,2.61,0,Low Risk
4178-EGMON,0,3.56,0,Low Risk
4220-TINQT,0,17.8,0,Low Risk
5318-YKDPV,0,2.97,0,Low Risk
7975-TZMLR,0,16.78,0,Low Risk
0295-QVKPB,0,47.13,0,Medium Risk
4335-BSMJS,0,1.83,0,Low Risk
9146-JRIOX,0,9.68,0,Low Risk
5337-IIWKZ,0,5.28,0,Low Risk
9650-VBUOG,0,0.65,0,Low Risk
3487-EARAT,0,0.38,0,Low Risk
2672-TGEFF,0,23.23,0,Low Risk
4250-WAROZ,0,5.59,0,Low Risk
8184-WMOFI,0,2.74,0,Low Risk
6092-QZVPP,0,11.63,0,Low Risk
4625-LAMOB,0,0.65,0,Low Risk
0392-BZIUW,0,7.57,0,Low Risk
6549-NNDYT,0,35.87,0,Medium Risk
0422-OHQHQ,0,7.43,0,Low Risk
6916-HIJSE,0,0.57,0,Low Risk
2316-ESMLS,0,15.27,0,Low Risk
9778-OGKQZ,0,2.15,0,Low Risk
7408-OFWXJ,0,1.15,0,Low Risk
6007-TCTST,0,1.0,0,Low Risk
2252-NKNSI,0,2.77,0,Low Risk
8713-IGZSO,0,22.57,0,Low Risk
7905-TVXTA,0,25.96,0,Low Risk
7695-PKLCZ,0,0.24,0,Low Risk
8374-UULRV,0,1.19,0,Low Risk
3224-DFQNQ,0,5.13,0,Low Risk
5275-PMFUT,0,2.0,0,Low Risk
4795-UXVCJ,0,1.53,0,Low Risk
9777-IQHWP,0,3.19,0,Low Risk
0979-MOZQI,0,1.5,0,Low Risk
2732-ISEZX,0,16.13,0,Low Risk
0323-XWWTN,0,1.16,0,Low Risk
1937-OTUKY,0,14.64,0,Low Risk
1573-LGXBA,0,2.89,0,Low Risk
1764-VUUMT,0,0.05,0,Low Risk
4713-ZBURT,0,2.89,0,Low Risk
3050-GBUSH,0,51.4,1,Medium Risk
7876-AEHIG,0,5.87,0,Low Risk
7945-HLKEA,0,1.34,0,Low Risk
9342-VNIMQ,0,14.35,0,Low Risk
3523-BRGUW,0,1.21,0,Low Risk
3199-NPKCN,0,15.04,0,Low Risk
5170-PTRKA,0,20.88,0,Low Risk
4661-NJEUX,0,42.9,0,Medium Risk
2123-AGEEN,0,65.69,1,High Risk
1258-YMZNM,0,13.92,0,Low Risk
0048-LUMLS,0,2.29,0,Low Risk
5898-IGSLP,0,5.22,0,Low Risk
6259-WJQLC,0,24.6,0,Low Risk
7997-EASSD,0,13.27,0,Low Risk
0730-KOAVE,0,47.26,0,Medium Risk
8975-SKGRX,0,6.12,0,Low Risk
0678-RLHVP,0,11.85,0,Low Risk
2267-FPIMA,0,20.57,0,Low Risk
1051-GEJLJ,0,6.85,0,Low Risk
5285-MVEHD,0,6.42,0,Low Risk
0379-DJQHR,0,0.79,0,Low Risk
5543-QDCRY,0,44.93,0,Medium Risk
0297-RBCSG,0,17.2,0,Low Risk
4694-PHWFW,0,5.56,0,Low Risk
0835-JKADZ,0,14.15,0,Low Risk
7508-SMHXL,0,51.49,1,Medium Risk
3865-YIOTT,0,4.19,0,Low Risk
5993-BQHEA,0,3.32,0,Low Risk
6024-RUGGH,0,0.19,0,Low Risk
3956-CJUST,0,34.84,0,Medium Risk
4079-WWQQQ,0,1.08,0,Low Risk
6103-BOCOU,0,58.44,1,Medium Risk
5149-TGWDZ,0,26.32,0,Low Risk
7471-WNSUF,0,1.71,0,Low Risk
8942-DBMHZ,0,15.51,0,Low Risk
4301-VVZKA,0,82.32,1,High Risk
9199-PWQVC,0,5.82,0,Low Risk
4824-GUCBY,0,38.2,0,Medium Risk
5393-HJZSM,0,1.97,0,Low Risk
0862-PRCBS,0,2.59,0,Low Risk
8812-ZRHFP,0,6.49,0,Low Risk
5146-CBVOE,0,27.71,0,Low Risk
0454-OKRCT,0,5.0,0,Low Risk
5787-KXGIY,0,0.28,0,Low Risk
4198-VFOEA,0,13.87,0,Low Risk
6630-UJZMY,0,85.5,1,High Risk
5709-LVOEQ,0,14.73,0,Low Risk
2692-AQCPF,0,21.46,0,Low Risk
0347-UBKUZ,0,11.24,0,Low Risk
0835-DUUIQ,0,2.49,0,Low Risk
0811-GSDTP,0,8.98,0,Low Risk
7567-ECMCM,0,34.18,0,Medium Risk
6115-ZTBFQ,0,1.01,0,Low Risk
6353-BRMMA,0,17.22,0,Low Risk
6231-WFGFH,0,2.75,0,Low Risk
9904-EHEVJ,0,14.8,0,Low Risk
6169-PPETC,0,0.28,0,Low Risk
8584-KMVXD,0,45.45,0,Medium Risk
8467-WYNSR,0,21.98,0,Low Risk
0851-DFJKB,0,11.54,0,Low Risk
5382-SOYZL,0,76.69,1,High Risk
3261-CQXOL,0,0.14,0,Low Risk
8388-FYNPZ,0,31.92,0,Medium Risk
4002-BQWPQ,0,49.01,0,Medium Risk
5651-YLPRD,0,19.18,0,Low Risk
2826-DXLQO,0,26.83,0,Low Risk
4378-BZYFP,0,11.88,0,Low Risk
9489-UTFKA,0,49.94,0,Medium Risk
4849-PYRLQ,0,2.4,0,Low Risk
7764-BDPEE,0,4.2,0,Low Risk
3429-IFLEM,0,1.23,0,Low Risk
5002-GCQFH,0,23.03,0,Low Risk
0556-FJEGU,0,2.31,0,Low Risk
0604-THJFP,0,1.89,0,Low Risk
5879-SESNB,0,64.62,1,High Risk
6461-PPAXN,0,1.73,0,Low Risk
3318-ISQFQ,0,5.82,0,Low Risk
1106-HRLKZ,0,0.27,0,Low Risk
2483-XSSMZ,0,3.45,0,Low Risk
8165-ZJRNM,0,0.09,0,Low Risk
2604-XVDAM,0,54.34,1,Medium Risk
3717-OFRTN,0,28.6,0,Low Risk
9046-JBFWA,0,2.73,0,Low Risk
3280-NMUVX,0,3.1,0,Low Risk
1206-EHBDD,0,10.03,0,Low Risk
8361-LBRDI,0,2.91,0,Low Risk
4883-KCPZJ,0,1.54,0,Low Risk
9108-EQPNQ,0,0.7,0,Low Risk
7277-KAMWT,0,1.66,0,Low Risk
2545-LXYVJ,0,0.24,0,Low Risk
3234-VKACU,0,33.22,0,Medium Risk
8120-JDCAM,0,15.17,0,Low Risk
8917-FAEMR,0,0.96,0,Low Risk
7047-YXDMZ,0,4.44,0,Low Risk
2858-EIMXH,0,11.05,0,Low Risk
6419-ZTTLE,0,5.99,0,Low Risk
0929-HYQEW,0,38.12,0,Medium Risk
6614-YOLAC,0,1.9,0,Low Risk
7426-RHZGU,0,41.59,0,Medium Risk
4065-JJAVA,0,24.42,0,Low Risk
7649-SIJJF,0,11.72,0,Low Risk
9361-YNQWJ,0,0.71,0,Low Risk
3748-FVMZZ,0,34.77,0,Medium Risk
9391-TTOYH,0,10.16,0,Low Risk
1452-XRSJV,0,0.87,0,Low Risk
3422-WJOYD,0,5.06,0,Low Risk
8242-SOQUO,0,55.47,1,Medium Risk
7460-ITWWP,0,37.45,0,Medium Risk
7147-AYBAA,0,19.49,0,Low Risk
7868-TMWMZ,0,9.04,0,Low Risk
6732-FZUGP,0,8.26,0,Low Risk
8329-GWVPJ,0,4.25,0,Low Risk
1352-VHKAJ,0,5.81,0,Low Risk
2632-TACXW,0,0.92,0,Low Risk
8146-QQKZH,0,0.58,0,Low Risk
1767-CJKBA,0,0.96,0,Low Risk
6445-TNRXS,0,6.46,0,Low Risk
4581-LNWUM,0,54.34,1,Medium Risk
4869-EPIUS,0,36.83,0,Medium Risk
1915-OAKWD,0,2.47,0,Low Risk
7296-PIXQY,0,14.47,0,Low Risk
3354-OADJP,0,19.31,0,Low Risk
3524-WQDSG,0,13.13,0,Low Risk
0810-DHDBD,0,2.16,0,Low Risk
4026-SKKHW,0,23.6,0,Low Risk
2829-HYVZP,0,2.85,0,Low Risk
3845-JHAMY,0,21.97,0,Low Risk
7013-PSXHK,0,8.8,0,Low Risk
3486-NPGST,0,1.42,0,Low Risk
6100-FJZDG,0,9.4,0,Low Risk
4829-ZLJTK,0,6.39,0,Low Risk
1730-VFMWO,0,6.77,0,Low Risk
7143-BQIBA,0,11.08,0,Low Risk
3800-LYTRK,0,6.46,0,Low Risk
9646-NMHXE,0,0.87,0,Low Risk
7030-NJVDP,0,34.39,0,Medium Risk
8883-GRDWQ,0,7.59,0,Low Risk
7771-ZONAT,0,15.27,0,Low Risk
2111-DWYHN,0,31.4,0,Medium Risk
4194-WHFCB,0,6.24,0,Low Risk
4121-AGSIN,0,2.71,0,Low Risk
9845-PEEKO,0,4.24,0,Low Risk
0455-XFASS,0,46.2,0,Medium Risk
0301-KOBTQ,0,2.87,0,Low Risk
1751-NCDLI,0,42.79,0,Medium Risk
4367-NUYAO,0,5.91,0,Low Risk
9170-ARBTB,0,1.26,0,Low Risk
7241-AJHFS,0,11.53,0,Low Risk
4546-FOKWR,0,44.69,0,Medium Risk
9036-CSKBW,0,6.0,0,Low Risk
5832-TRLPB,0,11.6,0,Low Risk
8590-YFFQO,0,0.7,0,Low Risk
8659-IOOPU,0,1.1,0,Low Risk
1338-CECEE,0,7.33,0,Low Risk
7439-DKZTW,0,51.06,1,Medium Risk
4646-QZXTF,0,17.49,0,Low Risk
9742-XOKTS,0,1.54,0,Low Risk
6921-OZMFH,0,8.56,0,Low Risk
9578-FOMUK,0,7.68,0,Low Risk
4712-UYOOI,0,4.13,0,Low Risk
7722-CVFXN,0,6.91,0,Low Risk
8717-VCTXJ,0,2.64,0,Low Risk
7363-QTBIW,0,75.78,1,High Risk
4159-NAAIX,0,3.05,0,Low Risk
0971-QIFJK,0,0.42,0,Low Risk
9397-TZSHA,0,0.51,0,Low Risk
3391-JSQEW,0,25.56,0,Low Risk
0343-QLUZP,0,1.46,0,Low Risk
2176-LVPNX,0,1.91,0,Low Risk
3312-UUMZW,0,80.67,1,High Risk
1271-UODNO,0,5.16,0,Low Risk
8461-EFQYM,0,6.04,0,Low Risk
6900-RBKER,0,18.54,0,Low Risk
6891-JPYFF,0,15.51,0,Low Risk
1459-QNFQT,0,2.31,0,Low Risk
1047-NNCBF,0,49.59,0,Medium Risk
3696-XRIEN,0,6.59,0,Low Risk
0074-HDKDG,0,15.25,0,Low Risk
8791-GFXLZ,0,42.69,0,Medium Risk
9330-DHBFL,0,7.01,0,Low Risk
0098-BOWSO,0,17.46,0,Low Risk
3452-ABWRL,0,28.51,0,Low Risk
5859-HZYLF,0,0.51,0,Low Risk
3156-QLHBO,0,5.14,0,Low Risk
2208-NQBCT,0,10.34,0,Low Risk
1779-PWPMG,0,9.36,0,Low Risk
6621-NRZAK,0,0.06,0,Low Risk
0831-JNISG,0,0.07,0,Low Risk
0774-IFUVM,0,20.99,0,Low Risk
3082-WQRVY,0,5.32,0,Low Risk
9553-DLCLU,0,6.28,0,Low Risk
1641-BYBTK,0,2.37,0,Low Risk
2460-NGXBJ,0,22.96,0,Low Risk
2446-ZKVAF,0,26.01,0,Low Risk
3522-CDKHF,0,24.51,0,Low Risk
1430-SFQSA,0,8.95,0,Low Risk
0411-EZJZE,0,44.41,0,Medium Risk
8807-ARQET,0,37.52,0,Medium Risk
8992-CEUEN,0,24.96,0,Low Risk
4320-QMLLA,0,45.97,0,Medium Risk
8777-PVYGU,0,3.1,0,Low Risk
8292-ITGYJ,0,0.53,0,Low Risk
6870-ZWMNX,0,2.02,0,Low Risk
0621-CXBKL,0,0.33,0,Low Risk
5268-DSMNQ,0,7.67,0,Low Risk
5334-JLAXU,0,24.64,0,Low Risk
6242-MBHPK,0,66.89,1,High Risk
9359-UGBTK,0,1.44,0,Low Risk
4782-OSFXZ,0,2.32,0,Low Risk
6479-OAUSD,0,2.66,0,Low Risk
7129-ACFOG,0,52.19,1,Medium Risk
4189-NAKJS,0,21.06,0,Low Risk
5562-BETPV,0,10.88,0,Low Risk
1282-IHQAC,0,4.06,0,Low Risk
9127-FHJBZ,0,10.13,0,Low Risk
1641-RQDAY,0,26.37,0,Low Risk
6994-ORCWG,0,12.94,0,Low Risk
1346-UFHAX,0,54.09,1,Medium Risk
2933-XEUJM,0,4.42,0,Low Risk
5461-QKNTN,0,58.73,1,Medium Risk
4835-YSJMR,0,1.11,0,Low Risk
3164-YAXFY,0,13.78,0,Low Risk
0887-WBJVH,0,18.46,0,Low Risk
4660-IRIBM,0,21.91,0,Low Risk
7670-ZBPOQ,0,2.34,0,Low Risk
8089-UZWLX,0,7.62,0,Low Risk
0080-OROZO,0,14.58,0,Low Risk
3916-NRPAP,0,27.43,0,Low Risk
6807-SIWJI,0,20.89,0,Low Risk
8221-HVAYI,0,5.23,0,Low Risk
5232-NXPAY,0,1.23,0,Low Risk
8967-SZQAS,0,11.16,0,Low Risk
4468-KAZHE,0,43.19,0,Medium Risk
0455-ENTCR,0,4.78,0,Low Risk
8944-AILEF,0,14.65,0,Low Risk
5542-NKVRU,0,2.15,0,Low Risk
7126-RBHSD,0,68.4,1,High Risk
5370-IIVVL,0,14.29,0,Low Risk
6789-HJBWG,0,25.8,0,Low Risk
9087-EYCPR,0,0.31,0,Low Risk
6791-YBNAK,0,3.79,0,Low Risk
6077-BDPXA,0,55.59,1,Medium Risk
0013-MHZWF,0,3.71,0,Low Risk
8268-YDIXR,0,8.77,0,Low Risk
4291-SHSBH,0,59.36,1,Medium Risk
6980-IMXXE,0,0.1,0,Low Risk
0040-HALCW,0,0.32,0,Low Risk
0784-GTUUK,0,1.42,0,Low Risk
2294-DMMUS,0,2.69,0,Low Risk
0872-JCPIB,0,37.15,0,Medium Risk
3055-MJDSB,0,54.14,1,Medium Risk
9091-WTUUY,0,0.65,0,Low Risk
7115-IRDHS,0,0.19,0,Low Risk
8496-DMZUK,0,21.97,0,Low Risk
2040-VZIKE,0,43.69,0,Medium Risk
9068-VPWQQ,0,1.33,0,Low Risk
0178-SZBHO,0,11.05,0,Low Risk
0384-RVBPI,0,20.55,0,Low Risk
1299-AURJA,0,0.07,0,Low Risk
4525-VZCZG,0,3.65,0,Low Risk
1543-LLLFT,0,41.27,0,Medium Risk
2788-CJQAQ,0,9.62,0,Low Risk
0319-QZTCO,0,29.22,0,Low Risk
2120-SMPEX,0,18.66,0,Low Risk
0096-FCPUF,0,46.85,0,Medium Risk
0668-OGMHD,0,59.42,1,Medium Risk
6507-ZJSUR,0,60.21,1,High Risk
9408-HRXRK,0,27.66,0,Low Risk
5593-SUAOO,0,4.87,0,Low Risk
6766-HFKLA,0,11.47,0,Low Risk
7617-EYGLW,0,35.62,0,Medium Risk
9220-ZNKJI,0,7.26,0,Low Risk
2226-ICFDO,0,1.52,0,Low Risk
0723-VSOBE,0,7.84,0,Low Risk
5529-GIBVH,0,0.76,0,Low Risk
9992-UJOEL,0,46.51,0,Medium Risk
4741-WWJQZ,0,41.92,0,Medium Risk
6625-UTXEW,0,29.05,0,Low Risk
6244-BESBM,0,0.95,0,Low Risk
1004-NOZNR,0,4.6,0,Low Risk
1251-STYSZ,0,36.16,0,Medium Risk
2612-PHGOX,0,4.1,0,Low Risk
8480-PPONV,0,1.49,0,Low Risk
8780-IHCRN,0,0.15,0,Low Risk
4598-ZADCK,0,8.25,0,Low Risk
1257-SXUXQ,0,7.28,0,Low Risk
9681-KYGYB,0,23.77,0,Low Risk
7182-OVLBJ,0,1.65,0,Low Risk
5095-ETBRJ,0,1.5,0,Low Risk
7005-CYUIL,0,6.03,0,Low Risk
4821-WQOYN,0,0.05,0,Low Risk
4730-AWNAU,0,8.46,0,Low Risk
3452-FLHYD,0,17.11,0,Low Risk
2388-LAESQ,0,2.74,0,Low Risk
9531-NSBMR,0,4.36,0,Low Risk
6260-ONULR,0,36.32,0,Medium Risk
4389-UEFCZ,0,8.07,0,Low Risk
8711-LOBKY,0,0.05,0,Low Risk
8985-OOPOS,0,16.92,0,Low Risk
8800-ZKRFW,0,26.68,0,Low Risk
2616-FLVQC,0,0.93,0,Low Risk
9968-FFVVH,0,1.09,0,Low Risk
3108-PCCGG,0,1.76,0,Low Risk
8390-FESFV,0,1.39,0,Low Risk
3022-BEXHZ,0,1.07,0,Low Risk
6248-TKCQV,0,2.15,0,Low Risk
6729-GDNGC,0,55.18,1,Medium Risk
6198-ZFIOJ,0,39.28,0,Medium Risk
5989-OMNJE,0,13.71,0,Low Risk
1291-CUOCY,0,9.81,0,Low Risk
9795-SHUHB,0,1.54,0,Low Risk
3230-IUALN,0,2.77,0,Low Risk
0042-RLHYP,0,0.05,0,Low Risk
4945-RVMTE,0,11.79,0,Low Risk
1866-NXPSP,0,3.5,0,Low Risk
3941-XTSKM,0,14.76,0,Low Risk
1661-CZBAU,0,3.26,0,Low Risk
5158-RIVOP,0,0.76,0,Low Risk
9788-YTFGE,0,20.87,0,Low Risk
9277-JOOMO,0,13.2,0,Low Risk
1907-YLNYW,0,31.32,0,Medium Risk
8947-YRTDV,0,4.02,0,Low Risk
3161-ONRWK,0,3.64,0,Low Risk
0114-RSRRW,0,22.31,0,Low Risk
4565-NLZBV,0,0.35,0,Low Risk
6682-VCIXC,0,6.62,0,Low Risk
6475-VHUIZ,0,42.18,0,Medium Risk
3910-MRQOY,0,0.23,0,Low Risk
0661-WCQNQ,0,5.72,0,Low Risk
7537-RBWEA,0,54.91,1,Medium Risk
4656-CAURT,0,0.13,0,Low Risk
0121-SNYRK,0,10.53,0,Low Risk
3733-LSYCE,0,28.55,0,Low Risk
6265-FRMTQ,0,0.71,0,Low Risk
1371-DWPAZ,0,6.78,0,Low Risk
2017-CCBLH,0,1.8,0,Low Risk
7690-KPNCU,0,2.1,0,Low Risk
0536-BGFMZ,0,5.48,0,Low Risk
2293-IJWPS,0,41.08,0,Medium Risk
5469-NUJUR,0,3.53,0,Low Risk
2625-TRCZQ,0,32.3,0,Medium Risk
4102-HLENU,0,0.85,0,Low Risk
7266-GSSJX,0,9.53,0,Low Risk
7722-VJRQD,0,1.73,0,Low Risk
7073-QETQY,0,0.93,0,Low Risk
5624-RYAMH,0,13.95,0,Low Risk
0196-JTUQI,0,81.31,1,High Risk
7130-YXBRO,0,30.08,0,Medium Risk
9272-LSVYH,0,32.26,0,Medium Risk
3084-DOWLE,0,0.85,0,Low Risk
1084-MNSMJ,0,2.59,0,Low Risk
4238-HFHSN,0,47.31,0,Medium Risk
6250-CGGUN,0,4.77,0,Low Risk
5478-JJVZK,0,23.36,0,Low Risk
7596-IIWYC,0,1.74,0,Low Risk
9793-WECQC,0,31.91,0,Medium Risk
4291-HPAXL,0,4.96,0,Low Risk
8999-YPYBV,0,2.6,0,Low Risk
1839-FBNFR,0,0.23,0,Low Risk
3071-MVJCD,0,5.38,0,Low Risk
1697-BCSHV,0,6.59,0,Low Risk
0562-KBDVM,0,0.2,0,Low Risk
1131-SUEKT,0,7.5,0,Low Risk
3717-OEAUQ,0,46.33,0,Medium Risk
4538-WNTMJ,0,2.35,0,Low Risk
9432-RUVSL,0,6.33,0,Low Risk
8060-HIWJJ,0,0.7,0,Low Risk
7684-XSZIY,0,0.13,0,Low Risk
9089-UOWJG,0,35.45,0,Medium Risk
8039-ACLPL,0,2.45,0,Low Risk
9885-AIBVB,0,30.21,0,Medium Risk
1934-MKPXS,0,1.64,0,Low Risk
2592-YKDIF,0,10.56,0,Low Risk
2272-JKMSI,0,8.33,0,Low Risk
8714-CTZJW,0,46.55,0,Medium Risk
3569-EDBPQ,0,36.87,0,Medium Risk
3131-NWVFJ,0,10.63,0,Low Risk
7521-YXVZY,0,1.86,0,Low Risk
2373-NTKOD,0,66.42,1,High Risk
1970-KKFWL,0,4.26,0,Low Risk
9337-SRRNI,0,0.31,0,Low Risk
0895-UADGO,0,12.38,0,Low Risk
5678-VFNEQ,0,8.43,0,Low Risk
5977-CKHON,0,14.07,0,Low Risk
2692-BUCFV,0,22.41,0,Low Risk
1830-GGFNM,0,0.26,0,Low Risk
5302-BDJNT,0,33.59,0,Medium Risk
5223-UZAVK,0,13.28,0,Low Risk
4859-ZSRDZ,0,2.71,0,Low Risk
5651-WYIPH,0,14.21,0,Low Risk
9350-VLHMB,0,4.34,0,Low Risk
3498-LZGQZ,0,0.26,0,Low Risk
8785-CJSHH,0,56.39,1,Medium Risk
3870-SPZSI,0,1.81,0,Low Risk
7560-QRBXH,0,1.82,0,Low Risk
7077-XJMET,0,34.21,0,Medium Risk
8752-GHJFU,0,5.67,0,Low Risk
6896-SRVYQ,0,31.11,0,Medium Risk
4652-ODEVH,0,0.35,0,Low Risk
6510-UPNKS,0,14.1,0,Low Risk
6718-BDGHG,0,7.34,0,Low Risk
9046-DQMTP,0,3.45,0,Low Risk
6439-LAJXL,0,21.95,0,Low Risk
9052-VKDUW,0,13.9,0,Low Risk
1666-JZPZT,0,7.99,0,Low Risk
5777-KJIRB,0,5.26,0,Low Risk
7677-SJJJK,0,7.81,0,Low Risk
2480-EJWYP,0,15.2,0,Low Risk
3253-HKOKL,0,14.29,0,Low Risk
7055-HNEOJ,0,23.13,0,Low Risk
5514-YQENT,0,1.62,0,Low Risk
3211-AAPKX,0,79.9,1,High Risk
8445-DNBAE,0,37.88,0,Medium Risk
2958-NHPPS,0,9.94,0,Low Risk
6806-YDEUL,0,16.28,0,Low Risk
1735-XMJVH,0,9.03,0,Low Risk
6890-PFRQX,0,39.02,0,Medium Risk
0222-CNVPT,0,18.51,0,Low Risk
5899-OUVKV,0,64.07,1,High Risk
8681-ICONS,0,2.91,0,Low Risk
1621-YNCJH,0,9.17,0,Low Risk
6362-QHAFM,0,48.16,0,Medium Risk
3070-BDOQC,0,20.48,0,Low Risk
6234-PFPXL,0,45.9,0,Medium Risk
9824-QCJPK,0,2.34,0,Low Risk
4283-IVYCI,0,16.89,0,Low Risk
1866-OBPNR,0,19.94,0,Low Risk
8205-MQUGY,0,12.33,0,Low Risk
8970-ANWXO,0,37.11,0,Medium Risk
9480-BQJEI,0,25.28,0,Low Risk
6979-TNDEU,0,14.39,0,Low Risk
9777-WJJPR,0,45.76,0,Medium Risk
9495-SKLKD,0,9.42,0,Low Risk
6048-UWKAL,0,5.41,0,Low Risk
5067-DGXLL,0,8.96,0,Low Risk
6281-FKEWS,0,15.82,0,Low Risk
8898-KASCD,0,2.61,0,Low Risk
9242-TKFSV,0,2.84,0,Low Risk
9290-SHCMB,0,57.98,1,Medium Risk
0743-HNPFG,0,3.22,0,Low Risk
2277-BKJKN,0,8.75,0,Low Risk
5035-PGZXH,0,26.69,0,Low Risk
8695-WDYEA,0,26.81,0,Low Risk
6543-JXSOO,0,9.2,0,Low Risk
8016-ZMGMO,0,4.09,0,Low Risk
8605-ITULD,0,33.33,0,Medium Risk
6416-YJTTB,0,25.56,0,Low Risk
4472-VESGY,0,1.88,0,Low Risk
3195-TQDZX,0,18.43,0,Low Risk
3128-YOVTD,0,3.76,0,Low Risk
1728-CXQBE,0,20.97,0,Low Risk
7041-TXQJH,0,15.7,0,Low Risk
5014-GSOUQ,0,2.82,0,Low Risk
5724-BIDBU,0,6.53,0,Low Risk
0481-SUMCB,0,18.98,0,Low Risk
1769-GRUIK,0,58.31,1,Medium Risk
8819-WFGGJ,0,5.0,0,Low Risk
7427-AUFPY,0,0.32,0,Low Risk
2811-POVEX,0,23.19,0,Low Risk
7898-PDWQE,0,1.61,0,Low Risk
9972-EWRJS,0,0.03,0,Low Risk
9314-IJWSQ,0,18.88,0,Low Risk
5799-JRCZO,0,0.04,0,Low Risk
1921-KYSAY,0,31.37,0,Medium Risk
6198-RTPMF,0,52.44,1,Medium Risk
2924-KHUVI,0,36.01,0,Medium Risk
1925-GMVBW,0,7.6,0,Low Risk
6184-DYUOB,0,30.16,0,Medium Risk
9207-ZPANB,0,1.89,0,Low Risk
9327-QSDED,0,58.6,1,Medium Risk
1656-DRSMG,0,18.47,0,Low Risk
3012-VFFMN,0,2.49,0,Low Risk
2984-AFWNC,0,72.62,1,High Risk
0640-YJTPY,0,0.03,0,Low Risk
8096-LOIST,0,23.97,0,Low Risk
9764-REAFF,0,0.47,0,Low Risk
7107-UBYKY,0,2.5,0,Low Risk
4881-GQJTW,0,10.12,0,Low Risk
7876-DNYAP,0,0.05,0,Low Risk
7905-NJMXS,0,36.22,0,Medium Risk
2882-WDTBA,0,2.15,0,Low Risk
2091-GPPIQ,0,2.29,0,Low Risk
5071-FBJFS,0,7.7,0,Low Risk
2796-UUZZO,0,3.85,0,Low Risk
2429-AYKKO,0,0.12,0,Low Risk
9798-OPFEM,0,2.43,0,Low Risk
3794-NFNCH,0,25.03,0,Low Risk
5193-QLVZB,0,9.07,0,Low Risk
7114-AEOZE,0,0.19,0,Low Risk
5522-NYKPB,0,23.47,0,Low Risk
9957-YODKZ,0,65.79,1,High Risk
6518-KZXCB,0,7.53,0,Low Risk
2245-ADZFJ,0,11.62,0,Low Risk
7776-QGYJC,0,3.83,0,Low Risk
9313-QOLTZ,0,5.3,0,Low Risk
4672-FOTSD,0,28.63,0,Low Risk
9818-XQCUV,0,29.36,0,Low Risk
7338-ERIVA,0,7.52,0,Low Risk
8259-NFJTV,0,7.64,0,Low Risk
3223-DWFIO,0,34.03,0,Medium Risk
6968-GMKPR,0,10.83,0,Low Risk
4751-ERMAN,0,2.46,0,Low Risk
1436-ZMJAN,0,51.27,1,Medium Risk
3292-PBZEJ,0,76.52,1,High Risk
0799-DDIHE,0,3.63,0,Low Risk
3070-FNFZQ,0,1.32,0,Low Risk
2812-SFXMJ,0,9.14,0,Low Risk
5014-WUQMG,0,2.0,0,Low Risk
5312-TSZVC,0,2.83,0,Low Risk
0993-OSGPT,0,1.55,0,Low Risk
7108-DGVUU,0,7.01,0,Low Risk
2782-JEEBU,0,11.13,0,Low Risk
5127-BZENZ,0,5.7,0,Low Risk
2720-FVBQP,0,14.79,0,Low Risk
9906-NHHVC,0,2.3,0,Low Risk
4522-XRWWI,0,6.1,0,Low Risk
3766-EJLFL,0,2.09,0,Low Risk
5939-SXWHM,0,0.08,0,Low Risk
8152-UOBNY,0,10.65,0,Low Risk
7351-KYHQH,0,72.88,1,High Risk
7643-RCHXS,0,0.07,0,Low Risk
8246-SHFGA,0,3.87,0,Low Risk
0620-XEFWH,0,9.64,0,Low Risk
6485-QXWWE,0,0.21,0,Low Risk
7321-VGNKU,0,78.19,1,High Risk
5327-CNLUQ,0,12.77,0,Low Risk
7552-KEYGT,0,2.69,0,Low Risk
5816-JMLGY,0,2.64,0,Low Risk
2927-QRRQV,0,22.43,0,Low Risk
6265-SXWBU,0,2.73,0,Low Risk
7941-RCJOW,0,0.11,0,Low Risk
6374-NTQLP,0,1.39,0,Low Risk
2387-KDZQY,0,13.38,0,Low Risk
3584-WKTTW,0,14.31,0,Low Risk
3399-BMLVW,0,1.67,0,Low Risk
1971-DTCZB,0,0.68,0,Low Risk
3374-PZLXD,0,6.48,0,Low Risk
3813-DHBBB,0,0.8,0,Low Risk
2812-REYAT,0,1.79,0,Low Risk
6518-PPLMZ,0,0.16,0,Low Risk
4939-KYYPY,0,13.91,0,Low Risk
5930-GBIWP,0,1.02,0,Low Risk
6022-KOUQO,0,15.04,0,Low Risk
2361-UPSND,0,1.48,0,Low Risk
6035-RIIOM,0,10.26,0,Low Risk
9504-DSHWM,0,7.12,0,Low Risk
5035-BVCXS,0,21.22,0,Low Risk
6267-DCFFZ,0,43.72,0,Medium Risk
3533-UVMOM,0,0.68,0,Low Risk
2439-LYPMQ,0,60.92,1,High Risk
1478-VPOAD,0,29.2,0,Low Risk
9995-HOTOH,0,8.5,0,Low Risk
2988-PLAHS,0,47.33,0,Medium Risk
1371-OJCEK,0,0.63,0,Low Risk
4999-IEZLT,0,3.16,0,Low Risk
8883-ANODQ,0,1.17,0,Low Risk
2351-RRBUE,0,3.88,0,Low Risk
5980-BDHPY,0,4.07,0,Low Risk
1498-DQNRX,0,11.63,0,Low Risk
9469-WEJBT,0,31.5,0,Medium Risk
2581-VKIRT,0,1.65,0,Low Risk
7426-WEIJX,0,2.66,0,Low Risk
2851-MMUTZ,0,32.23,0,Medium Risk
3307-TLCUD,0,33.3,0,Medium Risk
6625-FLENO,0,0.88,0,Low Risk
2967-MXRAV,0,11.83,0,Low Risk
8189-HBVRW,0,31.77,0,Medium Risk
4163-KIUHY,0,13.05,0,Low Risk
3500-NSDOA,0,1.3,0,Low Risk
1171-TYKUR,0,16.61,0,Low Risk
3761-FLYZI,0,33.65,0,Medium Risk
1219-NNDDO,0,73.88,1,High Risk
8388-DMKAE,0,7.14,0,Low Risk
4403-BWPAY,0,11.9,0,Low Risk
9659-QEQSY,0,33.85,0,Medium Risk
5405-ZMYXQ,0,52.36,1,Medium Risk
1442-OKRJE,0,1.49,0,Low Risk
4737-AQCPU,0,0.54,0,Low Risk
2808-CHTDM,0,1.94,0,Low Risk
0793-TWELN,0,61.58,1,High Risk
3283-WCWXT,0,1.71,0,Low Risk
1060-ENTOF,0,17.41,0,Low Risk
0999-QXNSA,0,17.11,0,Low Risk
5451-MHQOF,0,3.75,0,Low Risk
4836-WNFNO,0,0.66,0,Low Risk
9225-BZLNZ,0,5.95,0,Low Risk
0354-VXMJC,0,0.25,0,Low Risk
4422-QVIJA,0,3.21,0,Low Risk
9365-SRSZE,0,48.02,0,Medium Risk
8332-OSJDW,0,12.55,0,Low Risk
4735-BJKOU,0,1.0,0,Low Risk
0274-JKUJR,0,10.84,0,Low Risk
5740-YHGTW,0,4.24,0,Low Risk
8917-SZTTJ,0,0.14,0,Low Risk
1696-MZVAU,0,13.84,0,Low Risk
7359-WWYJV,0,5.53,0,Low Risk
4906-ZHGPK,0,9.64,0,Low Risk
3795-GWTRD,0,1.08,0,Low Risk
1298-PHBTI,0,1.25,0,Low Risk
6223-DHJGV,0,6.4,0,Low Risk
6961-MJKBO,0,0.65,0,Low Risk
8158-WPEZG,0,47.88,0,Medium Risk
4918-FYJNT,0,21.03,0,Low Risk
0727-BNRLG,0,5.2,0,Low Risk
4854-CIDCF,0,48.36,0,Medium Risk
3280-MRDOF,0,6.62,0,Low Risk
6435-SRWBJ,0,51.31,1,Medium Risk
9964-WBQDJ,0,0.52,0,Low Risk
6303-KFWSL,0,16.07,0,Low Risk
1702-CCFNJ,0,4.37,0,Low Risk
8932-CZHRQ,0,0.81,0,Low Risk
0386-CWRGM,0,0.06,0,Low Risk
5515-RUGKN,0,18.42,0,Low Risk
0404-AHASP,0,0.06,0,Low Risk
7279-NMVJC,0,1.81,0,Low Risk
2081-VEYEH,0,48.21,0,Medium Risk
6407-UTSLV,0,34.15,0,Medium Risk
9060-HJJRW,0,11.69,0,Low Risk
2587-YNLES,0,0.78,0,Low Risk
7398-SKNQZ,0,58.87,1,Medium Risk
5935-FCCNB,0,61.41,1,High Risk
1958-RNRKS,0,29.41,0,Low Risk
5136-RGMZO,0,11.01,0,Low Risk
8345-MVDYC,0,0.5,0,Low Risk
8226-BXGES,0,1.89,0,Low Risk
9705-IOVQQ,0,12.62,0,Low Risk
1015-OWJKI,0,23.23,0,Low Risk
2040-XBAVJ,0,0.52,0,Low Risk
8887-IPQNC,0,16.01,0,Low Risk
8646-JCOMS,0,6.22,0,Low Risk
1222-KJNZD,0,0.42,0,Low Risk
0106-GHRQR,0,15.92,0,Low Risk
3768-VHXQO,0,0.17,0,Low Risk
8952-WCVCD,0,12.4,0,Low Risk
2418-TPEUN,0,0.08,0,Low Risk
3963-RYFNS,0,7.24,0,Low Risk
8540-ZQGEA,0,0.23,0,Low Risk
1320-REHCS,0,47.19,0,Medium Risk
4137-JOPHL,0,6.86,0,Low Risk
7801-CEDNV,0,7.24,0,Low Risk
2057-BOYKM,0,2.44,0,Low Risk
3658-QQJYD,0,2.12,0,Low Risk
1803-BGNBD,0,25.35,0,Low Risk
0134-XWXCE,0,5.35,0,Low Risk
6950-TWMYB,0,0.46,0,Low Risk
5848-FHRFC,0,0.27,0,Low Risk
2243-FNMMI,0,6.81,0,Low Risk
2511-MORQY,0,7.41,0,Low Risk
5356-KZCKT,0,1.01,0,Low Risk
9470-XCCEM,0,15.2,0,Low Risk
6519-CFDBX,0,56.97,1,Medium Risk
3902-MIVLE,0,0.83,0,Low Risk
0409-WTMPL,0,15.84,0,Low Risk
8763-KIAFH,0,5.03,0,Low Risk
3669-WHAFY,0,2.78,0,Low Risk
3055-VTCGS,0,1.62,0,Low Risk
3144-KMTWZ,0,23.88,0,Low Risk
2007-QVGAW,0,0.05,0,Low Risk
5207-PLSTK,0,24.09,0,Low Risk
2307-FYNNL,0,2.4,0,Low Risk
5605-XNWEN,0,0.57,0,Low Risk
2155-AMQRX,0,13.02,0,Low Risk
6181-AXXYF,0,0.18,0,Low Risk
5091-HFAZW,0,51.62,1,Medium Risk
2519-LBNQL,0,15.87,0,Low Risk
8623-ULFNQ,0,13.32,0,Low Risk
1568-LJSZU,0,2.99,0,Low Risk
7789-HKSBS,0,38.73,0,Medium Risk
7416-CKTEP,0,0.74,0,Low Risk
2586-CWXVV,0,18.82,0,Low Risk
2348-KCJLT,0,3.06,0,Low Risk
8401-EMUWF,0,3.1,0,Low Risk
4193-IBKSW,0,0.06,0,Low Risk
5377-NDTOU,0,0.94,0,Low Risk
2474-LCNUE,0,25.54,0,Low Risk
0839-QNXME,0,0.7,0,Low Risk
3506-OVLKD,0,1.66,0,Low Risk
6650-VJONK,0,18.43,0,Low Risk
2178-PMGCJ,0,64.45,1,High Risk
7492-TAFJD,0,16.15,0,Low Risk
2773-MADBQ,0,8.45,0,Low Risk
6016-LVTJQ,0,2.28,0,Low Risk
7860-KSUGX,0,1.03,0,Low Risk
8966-KZXXA,0,1.26,0,Low Risk
5149-QYTTU,0,1.15,0,Low Risk
2070-XYMFH,0,50.06,1,Medium Risk
2085-BOJKI,0,53.4,1,Medium Risk
0817-HSUSE,0,49.14,0,Medium Risk
5442-PPTJY,0,0.26,0,Low Risk
1927-QEWMY,0,0.18,0,Low Risk
1663-MHLHE,0,44.88,0,Medium Risk
5663-QBGIS,0,4.44,0,Low Risk
4450-MDZFX,0,7.26,0,Low Risk
6701-DHKWQ,0,3.08,0,Low Risk
7554-AKDQF,0,46.54,0,Medium Risk
0794-YVSGE,0,0.03,0,Low Risk
5423-BHIXO,0,25.01,0,Low Risk
6908-VVYHM,0,33.84,0,Medium Risk
2959-EEXWB,0,9.84,0,Low Risk
1839-UMACK,0,5.14,0,Low Risk
3030-YDNRM,0,81.01,1,High Risk
7321-KKSDU,0,0.25,0,Low Risk
3402-XRIUO,0,12.75,0,Low Risk
8286-AFUYI,0,37.09,0,Medium Risk
8356-WUAOJ,0,59.84,1,Medium Risk
8058-DMYRU,0,52.0,1,Medium Risk
9350-ZXYJC,0,3.85,0,Low Risk
8958-JPTRR,0,0.76,0,Low Risk
6959-GQEGV,0,12.41,0,Low Risk
3173-WSSUE,0,0.06,0,Low Risk
1265-HVPZB,0,3.32,0,Low Risk
4115-UMJFQ,0,0.75,0,Low Risk
7369-TRPFD,0,5.23,0,Low Risk
1098-KFQEC,0,0.13,0,Low Risk
7190-XHTWJ,0,1.18,0,Low Risk
3537-RYBHH,0,8.48,0,Low Risk
5296-BFCYD,0,0.12,0,Low Risk
9359-JANWS,0,0.83,0,Low Risk
3279-DYZQM,0,0.09,0,Low Risk
0523-VNGTF,0,21.08,0,Low Risk
9575-IWCAZ,0,9.64,0,Low Risk
7105-MXJLL,0,7.09,0,Low Risk
7064-FRRSW,0,56.13,1,Medium Risk
7940-UQQUG,0,1.95,0,Low Risk
3961-SXAXY,0,46.65,0,Medium Risk
7010-BRBUU,0,0.03,0,Low Risk
3566-HJGPK,0,33.58,0,Medium Risk
3062-ICYZQ,0,3.79,0,Low Risk
9938-PRCVK,0,0.44,0,Low Risk
0973-KYVNF,0,1.05,0,Low Risk
5129-HHMZC,0,2.83,0,Low Risk
9637-CDTKZ,0,9.81,0,Low Risk
3946-JEWRQ,0,45.81,0,Medium Risk
7873-CVMAW,0,0.29,0,Low Risk
0463-WZZKO,0,11.14,0,Low Risk
4524-QCSSM,0,13.33,0,Low Risk
5832-EXGTT,0,3.79,0,Low Risk
2039-JONDJ,0,3.18,0,Low Risk
7217-JYHOQ,0,1.36,0,Low Risk
6695-FRVEC,0,0.38,0,Low Risk
9894-QMIMJ,0,7.62,0,Low Risk
8069-YQQAJ,0,14.64,0,Low Risk
1636-NTNCO,0,33.04,0,Medium Risk
3466-WAESX,0,5.52,0,Low Risk
9281-PKKZE,0,44.67,0,Medium Risk
3638-VBZTA,0,1.02,0,Low Risk
7459-IMVYU,0,4.83,0,Low Risk
8563-OYMQY,0,48.06,0,Medium Risk
0754-EEBDC,0,1.44,0,Low Risk
5777-ZPQNC,0,6.93,0,Low Risk
1951-IEYXM,0,2.24,0,Low Risk
3318-NMQXL,0,80.85,1,High Risk
1022-RKXDR,0,3.87,0,Low Risk
2361-FJWNO,0,6.26,0,Low Risk
2272-UOINI,0,31.55,0,Medium Risk
8232-UTFOZ,0,0.12,0,Low Risk
3750-YHRYO,0,5.56,0,Low Risk
6637-KYRCV,0,44.47,0,Medium Risk
5668-MEISB,0,0.52,0,Low Risk
0129-QMPDR,0,8.13,0,Low Risk
7188-CBBBA,0,29.83,0,Low Risk
5356-CSVSQ,0,27.37,0,Low Risk
3221-CJMSG,0,16.16,0,Low Risk
3219-JQRSL,0,1.34,0,Low Risk
2801-NISEI,0,8.48,0,Low Risk
4623-ZKHLY,0,13.78,0,Low Risk
6732-VAILE,0,4.37,0,Low Risk
8201-AAXCB,0,13.05,0,Low Risk
7696-CFTAT,0,0.07,0,Low Risk
1845-CSBRZ,0,21.4,0,Low Risk
2123-VSCOT,0,6.4,0,Low Risk
2018-QKYGT,0,32.56,0,Medium Risk
2792-VPPET,0,14.33,0,Low Risk
7409-JURKQ,0,7.83,0,Low Risk
3247-MHJKM,0,5.57,0,Low Risk
1964-SVLEA,0,2.09,0,Low Risk
7297-DVYGA,0,0.88,0,Low Risk
2239-CGBUZ,0,1.32,0,Low Risk
0854-UYHZD,0,0.99,0,Low Risk
7243-LCGGZ,0,16.94,0,Low Risk
8267-KFGYD,0,7.61,0,Low Risk
4890-VMUAV,0,3.68,0,Low Risk
9261-WDCAF,0,50.8,1,Medium Risk
3764-MNMOI,0,0.47,0,Low Risk
7442-YGZFK,0,62.64,1,High Risk
8229-BUJHX,0,0.02,0,Low Risk
7449-HVPIV,0,5.22,0,Low Risk
5504-WSIUR,0,4.52,0,Low Risk
8466-PZBLH,0,0.33,0,Low Risk
8735-IJJEG,0,40.1,0,Medium Risk
0564-MUUQK,0,50.02,1,Medium Risk
0701-RFGFI,0,6.91,0,Low Risk
0019-EFAEP,0,2.08,0,Low Risk
5619-PTMIK,0,7.1,0,Low Risk
3737-XBQDD,0,55.4,1,Medium Risk
5882-CMAZQ,0,7.66,0,Low Risk
5846-QFDFI,0,2.16,0,Low Risk
4445-KWOKW,0,2.95,0,Low Risk
3511-APPBJ,0,28.94,0,Low Risk
7967-HYCDE,0,43.3,0,Medium Risk
2430-RRYUW,0,1.17,0,Low Risk
3723-BFBGR,0,13.09,0,Low Risk
5447-WZAFP,0,21.29,0,Low Risk
5110-CHOPY,0,13.07,0,Low Risk
4425-OWHWB,0,6.6,0,Low Risk
7892-QVYKW,0,42.31,0,Medium Risk
9675-ICXCT,0,3.65,0,Low Risk
4703-MQYKT,0,1.84,0,Low Risk
5692-ICXLW,0,53.58,1,Medium Risk
0602-DDUML,0,0.61,0,Low Risk
2208-MPXIO,0,0.37,0,Low Risk
1960-UYCNN,0,72.77,1,High Risk
3190-FZATL,0,3.11,0,Low Risk
7336-RLLRH,0,12.71,0,Low Risk
7710-JSYOA,0,1.84,0,Low Risk
9885-MFVSU,0,4.64,0,Low Risk
0607-MVMGC,0,10.55,0,Low Risk
3365-SAIGS,0,56.47,1,Medium Risk
8022-BECSI,0,1.66,0,Low Risk
9993-LHIEB,0,1.62,0,Low Risk
0266-CLZKZ,0,1.62,0,Low Risk
7020-OZKXZ,0,23.87,0,Low Risk
3977-QCRSL,0,6.72,0,Low Risk
0017-DINOC,0,1.34,0,Low Risk
7639-OPLNG,0,1.54,0,Low Risk
1492-QGCLU,0,2.99,0,Low Risk
7328-OWMOM,0,6.71,0,Low Risk
4418-LZMSV,0,7.83,0,Low Risk
5155-AZQPB,0,9.59,0,Low Risk
1087-GRUYI,0,2.47,0,Low Risk
2546-KZAAT,0,7.64,0,Low Risk
0181-RITDD,0,1.59,0,Low Risk
5989-PGKJB,0,79.01,1,High Risk
8272-ONJLV,0,53.36,1,Medium Risk
1488-PBLJN,0,1.22,0,Low Risk
0308-GIQJT,0,10.65,0,Low Risk
3778-FOAQW,0,5.15,0,Low Risk
4452-ROHMO,0,6.05,0,Low Risk
3090-LETTY,0,17.73,0,Low Risk
5349-AZPEW,0,13.51,0,Low Risk
9720-JJJOR,0,3.68,0,Low Risk
8100-HZZLJ,0,3.35,0,Low Risk
8775-ERLNB,0,68.17,1,High Risk
8309-IEYJD,0,80.39,1,High Risk
7398-HPYZQ,0,1.98,0,Low Risk
3546-GHEAE,0,3.91,0,Low Risk
7361-YPXFS,0,3.24,0,Low Risk
6557-BZXLQ,0,47.02,0,Medium Risk
2550-QHZGP,0,6.89,0,Low Risk
7519-JTWQH,0,4.35,0,Low Risk
2538-OIMXF,0,5.21,0,Low Risk
8543-MSDMF,0,46.23,0,Medium Risk
1170-SASML,0,20.74,0,Low Risk
4872-JCVCA,0,0.74,0,Low Risk
5346-BZCHP,0,0.04,0,Low Risk
2038-LLMLM,0,31.11,0,Medium Risk
1216-BGTSP,0,34.54,0,Medium Risk
4138-NAXED,0,13.43,0,Low Risk
0744-BIKKF,0,0.45,0,Low Risk
7483-IQWIB,0,9.5,0,Low Risk
5248-KWLAR,0,5.31,0,Low Risk
7996-MHXLW,0,1.49,0,Low Risk
7833-PKIHD,0,3.83,0,Low Risk
7061-OVMIM,0,2.55,0,Low Risk
5153-RTHKF,0,46.68,0,Medium Risk
1852-QSWCD,0,0.05,0,Low Risk
4832-VRBMR,0,29.46,0,Low Risk
9079-LWTFD,0,8.6,0,Low Risk
3392-EHMNK,0,1.47,0,Low Risk
5986-WWXDV,0,1.19,0,Low Risk
3061-BCKYI,0,4.42,0,Low Risk
7901-TBKJX,0,36.1,0,Medium Risk
7228-PAQPD,0,10.07,0,Low Risk
7746-QYVCO,0,23.94,0,Low Risk
5804-HYIEZ,0,4.1,0,Low Risk
9919-FZDED,0,1.25,0,Low Risk
5934-TSSAU,0,25.56,0,Low Risk
3486-KHMLI,0,3.71,0,Low Risk
6784-XYJAE,0,5.49,0,Low Risk
3933-DQPWX,0,1.31,0,Low Risk
6661-EIPZC,0,0.92,0,Low Risk
8957-THMOA,0,0.09,0,Low Risk
2251-PYLPB,0,0.57,0,Low Risk
5555-RNPGT,0,3.83,0,Low Risk
1057-FOGLZ,0,7.66,0,Low Risk
8087-LGYHQ,0,73.66,1,High Risk
4137-BTIKL,0,48.83,0,Medium Risk
2190-BCXEC,0,28.9,0,Low Risk
6227-FBDXH,0,6.94,0,Low Risk
2911-WDXMV,0,10.87,0,Low Risk
7206-PQBBZ,0,50.18,1,Medium Risk
4547-FZJWE,0,1.68,0,Low Risk
7422-WNBTY,0,48.96,0,Medium Risk
0842-IWYCP,0,2.8,0,Low Risk
3521-HTQTV,0,0.73,0,Low Risk
3744-ZBHON,0,37.97,0,Medium Risk
3373-DIUUN,0,0.12,0,Low Risk
8383-SGHJU,0,4.12,0,Low Risk
7607-QKKTJ,0,2.49,0,Low Risk
7707-PYBBH,0,7.65,0,Low Risk
8984-HPEMB,0,8.22,0,Low Risk
4139-DETXS,0,0.99,0,Low Risk
9779-DPNEJ,0,19.12,0,Low Risk
9805-FILKB,0,2.07,0,Low Risk
5793-YOLJN,0,0.12,0,Low Risk
0673-IGUQO,0,15.33,0,Low Risk
4123-FCVCB,0,17.93,0,Low Risk
8819-IMISP,0,50.12,1,Medium Risk
8311-UEUAB,0,3.6,0,Low Risk
5858-EAFCZ,0,25.71,0,Low Risk
1163-ONYEY,0,5.9,0,Low Risk
5656-MJEFC,0,1.96,0,Low Risk
6082-OQFBA,0,4.93,0,Low Risk
8974-OVACP,0,11.74,0,Low Risk
4010-YLMVT,0,27.32,0,Low Risk
1379-FRVEB,0,56.02,1,Medium Risk
8612-GXIDD,0,3.84,0,Low Risk
6288-CHQJB,0,0.89,0,Low Risk
8160-HOWOX,0,48.04,0,Medium Risk
6648-INWPS,0,4.51,0,Low Risk
4223-BKEOR,0,11.8,0,Low Risk
4079-VTGLK,0,6.34,0,Low Risk
1763-WQFUK,0,33.46,0,Medium Risk
1391-UBDAR,0,35.98,0,Medium Risk
8894-JVDCV,0,7.95,0,Low Risk
2023-VQFDL,0,16.37,0,Low Risk
1345-GKDZZ,0,2.27,0,Low Risk
2014-MKGMH,0,35.13,0,Medium Risk
5628-FCGYG,0,73.04,1,High Risk
2560-WBWXF,0,0.74,0,Low Risk
0248-IPDFW,0,44.49,0,Medium Risk
7978-DKUQH,0,43.56,0,Medium Risk
4335-UPJSI,0,0.41,0,Low Risk
1784-EZDKJ,0,26.43,0,Low Risk
9297-FVVDH,0,3.34,0,Low Risk
8007-YYPWD,0,6.9,0,Low Risk
7101-HRBLJ,0,1.78,0,Low Risk
6635-CPNUN,0,35.11,0,Medium Risk
5453-YBTWV,0,0.69,0,Low Risk
5039-LZRQT,0,2.72,0,Low Risk
2931-VUVJN,0,7.6,0,Low Risk
6418-PIQSP,0,1.59,0,Low Risk
8220-OCUFY,0,7.18,0,Low Risk
3995-WFCSM,0,63.17,1,High Risk
1895-QTKDO,0,45.67,0,Medium Risk
2038-OEQZH,0,36.56,0,Medium Risk
1178-PZGAB,0,2.47,0,Low Risk
2626-VEEWG,0,0.04,0,Low Risk
2878-RMWXY,0,11.56,0,Low Risk
1657-DYMBM,0,2.48,0,Low Risk
7311-MQJCH,0,28.23,0,Low Risk
7375-WMVMT,0,3.32,0,Low Risk
1136-XGEQU,0,3.78,0,Low Risk
2530-FMFXO,0,2.0,0,Low Risk
6844-DZKRF,0,16.1,0,Low Risk
5970-GHJAW,0,0.06,0,Low Risk
8879-XUAHX,0,3.06,0,Low Risk
3689-MOZGR,0,13.34,0,Low Risk
4195-PNGZS,0,0.06,0,Low Risk
5003-XZWWO,0,1.53,0,Low Risk
7622-FWGEW,0,3.96,0,Low Risk
6922-NCEDI,0,3.69,0,Low Risk
9891-NQDBD,0,5.7,0,Low Risk
6131-IUNXN,0,5.32,0,Low Risk
8548-AWOFC,0,16.67,0,Low Risk
9798-DRYDS,0,34.1,0,Medium Risk
8532-UEFWH,0,0.27,0,Low Risk
6296-DDOOR,0,18.88,0,Low Risk
7951-VRDVK,0,2.31,0,Low Risk
4815-YOSUK,0,1.16,0,Low Risk
0380-NEAVX,0,22.29,0,Low Risk
4365-MSDYN,0,14.44,0,Low Risk
7036-TYDEC,0,4.47,0,Low Risk
5802-ADBRC,0,7.6,0,Low Risk
8076-FEZKJ,0,12.43,0,Low Risk
5197-YPYBZ,0,0.57,0,Low Risk
4312-GVYNH,0,0.8,0,Low Risk
8495-LJDFO,0,22.16,0,Low Risk
0839-JTCUD,0,1.51,0,Low Risk
5494-WOZRZ,0,1.78,0,Low Risk
1302-UHBDD,0,50.06,1,Medium Risk
2234-EOFPT,0,1.82,0,Low Risk
8619-IJNDK,0,0.44,0,Low Risk
8378-LKJAF,0,24.7,0,Low Risk
1153-GNOLC,0,36.83,0,Medium Risk
3298-QEICA,0,2.33,0,Low Risk
0788-DXBFY,0,3.33,0,Low Risk
3597-YASZG,0,9.3,0,Low Risk
3496-LFSZU,0,31.71,0,Medium Risk
5242-UOWHD,0,0.05,0,Low Risk
6479-SZPLM,0,0.07,0,Low Risk
8097-VBQTZ,0,2.28,0,Low Risk
4500-HKANN,0,3.61,0,Low Risk
9917-KWRBE,0,5.85,0,Low Risk
3420-ZDBMA,0,75.47,1,High Risk
2212-LYASK,0,45.4,0,Medium Risk
1393-IMKZG,0,70.59,1,High Risk
8069-RHUXK,0,0.44,0,Low Risk
3398-GCPMU,0,2.27,0,Low Risk
2908-WGAXL,0,0.09,0,Low Risk
3378-AJRAO,0,1.73,0,Low Risk
1013-QCWAM,0,27.76,0,Low Risk
6050-FFXES,0,4.99,0,Low Risk
0362-RAOQO,0,0.83,0,Low Risk
9554-DFKIC,0,3.9,0,Low Risk
5527-ACHSO,0,20.18,0,Low Risk
0829-DDVLK,0,1.73,0,Low Risk
1399-UBQIU,0,29.8,0,Low Risk
1813-JLKWR,0,0.42,0,Low Risk
0336-PIKEI,0,0.22,0,Low Risk
7322-OCWHC,0,2.87,0,Low Risk
9537-VHDTA,0,2.95,0,Low Risk
4957-TIALW,0,2.45,0,Low Risk
2054-PJOCK,0,2.24,0,Low Risk
9150-HEPMB,0,0.98,0,Low Risk
9030-QGZNL,0,4.93,0,Low Risk
3126-WQMGH,0,33.05,0,Medium Risk
7176-WRTNX,0,4.52,0,Low Risk
5732-IKGQH,0,12.01,0,Low Risk
9239-GZHZE,0,5.32,0,Low Risk
7205-BAIAD,0,0.66,0,Low Risk
0093-EXYQL,0,37.42,0,Medium Risk
8064-RAVOH,0,24.39,0,Low Risk
0219-QAERP,0,3.34,0,Low Risk
9168-INPSZ,0,59.23,1,Medium Risk
0015-UOCOJ,0,38.23,0,Medium Risk
5334-AFQJB,0,0.5,0,Low Risk
2754-SDJRD,0,79.04,1,High Risk
8963-JLGJT,0,12.68,0,Low Risk
1465-LNTLJ,0,45.46,0,Medium Risk
2135-DQWAQ,0,64.96,1,High Risk
4056-QHXHZ,0,0.77,0,Low Risk
7401-JIXNM,0,2.39,0,Low Risk
9339-FIIJL,0,8.96,0,Low Risk
4706-DGAHW,0,51.89,1,Medium Risk
6670-MFRPK,0,2.39,0,Low Risk
6177-PEVRA,0,1.9,0,Low Risk
4813-HQMGZ,0,63.31,1,High Risk
7579-KKLOE,0,0.73,0,Low Risk
8402-EIVQS,0,5.75,0,Low Risk
4947-DSMXK,0,29.37,0,Low Risk
7245-NIIWQ,0,62.23,1,High Risk
0002-ORFBO,0,8.12,0,Low Risk
3324-OIRTO,0,1.58,0,Low Risk
5414-OFQCB,0,4.27,0,Low Risk
4967-WPNCF,0,1.82,0,Low Risk
8552-OBVRU,0,7.25,0,Low Risk
8499-BRXTD,0,6.91,0,Low Risk
9154-QDGTH,0,3.13,0,Low Risk
8197-BFWVU,0,1.27,0,Low Risk
2577-GVSIL,0,13.77,0,Low Risk
9367-OIUXP,0,12.13,0,Low Risk
6770-UAYGJ,0,0.12,0,Low Risk
6463-HHXJR,0,1.62,0,Low Risk
7928-VJYAB,0,72.24,1,High Risk
1187-WILMM,0,3.3,0,Low Risk
9776-OJUZI,0,17.15,0,Low Risk
1306-RPWXZ,0,0.06,0,Low Risk
3097-PYWXL,0,14.33,0,Low Risk
2266-SJNAT,0,12.84,0,Low Risk
0869-PAPRP,0,34.38,0,Medium Risk
4238-JSSWH,0,46.14,0,Medium Risk
2972-YDYUW,0,7.71,0,Low Risk
1104-FEJAM,0,9.92,0,Low Risk
2809-ILCYT,0,7.91,0,Low Risk
5499-ECUTN,0,7.81,0,Low Risk
4981-FLTMF,0,0.64,0,Low Risk
9121-PHQSR,0,65.41,1,High Risk
3113-IWHLC,0,26.24,0,Low Risk
4277-BWBML,0,0.02,0,Low Risk
0234-TEVTT,0,1.33,0,Low Risk
4304-TSPVK,0,3.27,0,Low Risk
1552-AAGRX,0,52.73,1,Medium Risk
2637-FKFSY,0,47.71,0,Medium Risk
9796-MVYXX,0,4.96,0,Low Risk
7874-ECPQJ,0,5.53,0,Low Risk
0020-INWCK,0,1.11,0,Low Risk
7089-RKVSZ,0,16.95,0,Low Risk
2683-JXWQQ,0,0.69,0,Low Risk
9548-ZMVTX,0,0.97,0,Low Risk
8739-XNIKG,0,60.21,1,High Risk
9755-JHNMN,0,0.29,0,Low Risk
3981-QSVQI,0,6.73,0,Low Risk
2789-HQBOU,0,48.57,0,Medium Risk
9424-CMPOG,0,0.2,0,Low Risk
5067-WJEUN,0,0.06,0,Low Risk
3450-WXOAT,0,3.36,0,Low Risk
9251-WNSOD,0,2.03,0,Low Risk
6974-DAFLI,0,0.54,0,Low Risk
2616-UUTFK,0,7.92,0,Low Risk
7064-JHXCE,0,0.13,0,Low Risk
7989-AWGEH,0,7.61,0,Low Risk
4373-VVHQL,0,27.96,0,Low Risk
4559-UWIHT,0,36.21,0,Medium Risk
7268-IGMFD,0,30.48,0,Medium Risk
6650-BWFRT,0,5.18,0,Low Risk
9570-KYEUA,0,8.86,0,Low Risk
6993-YGFJV,0,4.05,0,Low Risk
2712-SYWAY,0,25.05,0,Low Risk
0730-BGQGF,0,0.12,0,Low Risk
5498-IBWPI,0,0.48,0,Low Risk
9101-NTIXF,0,43.74,0,Medium Risk
0013-SMEOE,0,13.47,0,Low Risk
9314-QDMDW,0,43.3,0,Medium Risk
9308-ANMVE,0,1.29,0,Low Risk
3413-DHLPB,0,26.14,0,Low Risk
7649-PHJVR,0,6.66,0,Low Risk
6114-TCFID,0,10.38,0,Low Risk
3787-TRIAL,0,12.19,0,Low Risk
2573-GYRUU,0,26.31,0,Low Risk
5156-UMKOW,0,5.21,0,Low Risk
1247-QBVSH,0,0.96,0,Low Risk
6734-GMPVK,0,43.84,0,Medium Risk
9822-OAOVB,0,29.91,0,Low Risk
6161-ERDGD,0,0.34,0,Low Risk
1226-JZNKR,0,5.65,0,Low Risk
7318-EIVKO,0,41.51,0,Medium Risk
3771-PZOBW,0,63.38,1,High Risk
8231-BSWXX,0,11.56,0,Low Risk
6486-LHTMA,0,23.62,0,Low Risk
4083-BFNYK,0,9.09,0,Low Risk
7389-KBFIT,0,20.7,0,Low Risk
7176-WIONM,0,40.04,0,Medium Risk
5141-ZUVBH,0,5.65,0,Low Risk
1089-HDMKP,0,3.8,0,Low Risk
7623-HKYRK,0,1.61,0,Low Risk
0310-SUCIN,0,1.21,0,Low Risk
5197-PYEPU,0,3.96,0,Low Risk
6619-RPLQZ,0,0.13,0,Low Risk
3275-RHRNE,0,2.85,0,Low Risk
3503-TYDAY,0,49.39,0,Medium Risk
6901-GOGZG,0,0.98,0,Low Risk
7021-XSNYE,0,3.07,0,Low Risk
9621-OUPYD,0,8.56,0,Low Risk
8982-NHAVY,0,23.69,0,Low Risk
4307-KWMXE,0,18.09,0,Low Risk
0141-YEAYS,0,33.13,0,Medium Risk
2450-ZKEED,0,3.88,0,Low Risk
3694-DELSO,0,9.29,0,Low Risk
3893-JRNFS,0,19.31,0,Low Risk
9603-OAIHC,0,72.95,1,High Risk
1133-KXCGE,0,6.93,0,Low Risk
0142-GVYSN,0,10.86,0,Low Risk
1049-FYSYG,0,42.93,0,Medium Risk
8406-LNMHF,0,10.03,0,Low Risk
1821-BUCWY,0,9.96,0,Low Risk
0023-UYUPN,0,3.76,0,Low Risk
8314-DPQHL,0,9.32,0,Low Risk
1465-WCZVT,0,10.29,0,Low Risk
9481-SFCQY,0,6.84,0,Low Risk
6360-SVNWV,0,26.05,0,Low Risk
0567-GGCAC,0,40.99,0,Medium Risk
8884-MRNSU,0,3.39,0,Low Risk
2171-UDMFD,0,0.83,0,Low Risk
9050-IKDZA,0,36.61,0,Medium Risk
9802-CAQUT,0,0.48,0,Low Risk
0187-WZNAB,0,4.0,0,Low Risk
1475-VWVDO,0,44.79,0,Medium Risk
1357-MVDOZ,0,6.26,0,Low Risk
7602-MVRMB,0,0.89,0,Low Risk
1197-BVMVG,0,62.35,1,High Risk
5406-KGRMX,0,0.56,0,Low Risk
5968-HYJRZ,0,0.17,0,Low Risk
5198-EFNBM,0,28.92,0,Low Risk
7516-GMHUV,0,7.54,0,Low Risk
7140-ADSMJ,0,6.98,0,Low Risk
2230-XTUWL,0,0.24,0,Low Risk
7706-YLMQA,0,1.26,0,Low Risk
2585-KTFRE,0,11.49,0,Low Risk
7994-UYIVZ,0,77.86,1,High Risk
7717-BICXI,0,0.05,0,Low Risk
6559-RAKOZ,0,3.99,0,Low Risk
4716-MRVEN,0,2.46,0,Low Risk
2143-LJULT,0,0.69,0,Low Risk
3200-MNQTF,0,0.18,0,Low Risk
6164-HXUGH,0,2.92,0,Low Risk
5630-IXDXV,0,29.16,0,Low Risk
0320-DWVTU,0,4.65,0,Low Risk
9135-MGVPY,0,4.76,0,Low Risk
1212-GLHMD,0,44.6,0,Medium Risk
7878-JGDKK,0,29.93,0,Low Risk
1088-AUUZZ,0,1.07,0,Low Risk
6614-YWYSC,0,0.35,0,Low Risk
9588-OZDMQ,0,54.05,1,Medium Risk
6476-EPYZR,0,1.16,0,Low Risk
1174-FGIFN,0,15.86,0,Low Risk
6620-HVDUJ,0,5.17,0,Low Risk
1032-MAELW,0,0.67,0,Low Risk
7641-TQFHN,0,2.49,0,Low Risk
1552-TKMXS,0,3.37,0,Low Risk
8622-ZLFKO,0,78.04,1,High Risk
6188-UXBBR,0,3.18,0,Low Risk
2333-KWEWW,0,2.13,0,Low Risk
5702-SKUOB,0,23.16,0,Low Risk
1134-YWTYF,0,12.53,0,Low Risk
6061-GWWAV,0,0.76,0,Low Risk
0679-TDGAK,0,1.19,0,Low Risk
6585-WCEWR,0,0.06,0,Low Risk
9067-YGSCA,0,0.45,0,Low Risk
9067-SQTNS,0,0.24,0,Low Risk
1776-SPBWV,0,0.38,0,Low Risk
8735-SDUFN,0,0.41,0,Low Risk
9668-PUGNU,0,1.59,0,Low Risk
9405-GPBBG,0,8.42,0,Low Risk
1926-QUZNN,0,1.28,0,Low Risk
7016-NVRIC,0,18.38,0,Low Risk
5829-NVSQN,0,5.34,0,Low Risk
9565-AXSMR,0,0.45,0,Low Risk
8869-LIHMK,0,6.67,0,Low Risk
0447-RXSGD,0,42.58,0,Medium Risk
4927-WWOOZ,0,79.37,1,High Risk
5788-YPOEG,0,0.5,0,Low Risk
0661-KBKPA,0,6.23,0,Low Risk
9081-WWXKP,0,0.11,0,Low Risk
0784-ZQJZX,0,0.04,0,Low Risk
3133-PZNSR,0,1.77,0,Low Risk
0722-SVSFK,0,57.18,1,Medium Risk
3612-YVGSJ,0,0.39,0,Low Risk
9825-YCXWZ,0,19.61,0,Low Risk
5397-NSKQG,0,0.16,0,Low Risk
8565-HBFNN,0,4.65,0,Low Risk
2000-DHJUY,0,1.71,0,Low Risk
8670-ERCJH,0,6.99,0,Low Risk
7758-UJWYS,0,2.2,0,Low Risk
2050-ONYDQ,0,0.04,0,Low Risk
7055-JCGNI,0,1.98,0,Low Risk
0739-UUAJR,0,0.97,0,Low Risk
4826-DXMUP,0,1.27,0,Low Risk
7285-KLOTR,0,16.93,0,Low Risk
0654-PQKDW,0,0.32,0,Low Risk
7175-NTIXE,0,25.5,0,Low Risk
7963-SHNDT,0,1.72,0,Low Risk
9796-BPKIW,0,53.13,1,Medium Risk
0188-GWFLE,0,15.03,0,Low Risk
8129-GMVGI,0,0.18,0,Low Risk
2882-DDZPG,0,6.9,0,Low Risk
3547-LQRIK,0,1.06,0,Low Risk
9137-NOQKA,0,32.69,0,Medium Risk
5843-TTHGI,0,24.15,0,Low Risk
1849-RJYIG,0,24.88,0,Low Risk
8868-GAGIO,0,19.97,0,Low Risk
4061-UKJWL,0,34.31,0,Medium Risk
5380-XPJNZ,0,1.04,0,Low Risk
8263-QMNTJ,0,15.1,0,Low Risk
3230-JCNZS,0,1.46,0,Low Risk
0277-ORXQS,0,0.67,0,Low Risk
7996-BPXHY,0,0.9,0,Low Risk
3227-WLKLI,0,0.58,0,Low Risk
2266-FUBDZ,0,0.82,0,Low Risk
8237-ULIXL,0,0.26,0,Low Risk
8216-AZUUZ,0,3.98,0,Low Risk
9153-BTBVV,0,0.58,0,Low Risk
5186-PEIZU,0,4.26,0,Low Risk
1074-AMIOH,0,9.05,0,Low Risk
4361-FEBGN,0,0.83,0,Low Risk
7748-UMTRK,0,30.38,0,Medium Risk
0380-ZCSBI,0,11.48,0,Low Risk
7145-FEJWU,0,27.53,0,Low Risk
6463-MVYRY,0,0.84,0,Low Risk
3969-JQABI,0,8.07,0,Low Risk
9624-EGDEQ,0,1.25,0,Low Risk
1051-EQPZR,0,0.54,0,Low Risk
5849-ASHZJ,0,0.49,0,Low Risk
5780-INQIK,0,30.2,0,Medium Risk
4526-ZJJTM,0,48.28,0,Medium Risk
8384-FZBJK,0,16.88,0,Low Risk
3750-RNQKR,0,9.77,0,Low Risk
0962-CQPWQ,0,0.06,0,Low Risk
3096-YXENJ,0,6.16,0,Low Risk
1265-BCFEO,0,2.37,0,Low Risk
5837-LXSDN,0,7.28,0,Low Risk
5945-AZYHT,0,26.97,0,Low Risk
8325-QRPZR,0,42.95,0,Medium Risk
6384-VMJHP,0,0.43,0,Low Risk
2262-SLNVK,0,49.52,0,Medium Risk
7730-CLDSV,0,1.06,0,Low Risk
1135-HIORI,0,11.13,0,Low Risk
0164-APGRB,0,5.73,0,Low Risk
6481-ESCNL,0,70.76,1,High Risk
1790-NESIO,0,3.32,0,Low Risk
1550-EENBN,0,48.56,0,Medium Risk
8198-RKSZG,0,4.91,0,Low Risk
9297-EONCV,0,2.87,0,Low Risk
1069-QJOEE,0,1.59,0,Low Risk
7799-DSEWS,0,47.36,0,Medium Risk
8766-PAFNE,0,3.48,0,Low Risk
5315-CKEQK,0,4.55,0,Low Risk
3130-ICDUP,0,8.58,0,Low Risk
0820-FNRNX,0,12.78,0,Low Risk
0880-FVFWF,0,25.37,0,Low Risk
4611-ANLQC,0,2.89,0,Low Risk
4213-HKBJO,0,6.72,0,Low Risk
2792-LSHWX,0,52.8,1,Medium Risk
0014-BMAQU,0,3.89,0,Low Risk
9018-PCIOK,0,1.23,0,Low Risk
4837-QUSFT,0,10.75,0,Low Risk
9953-ZMKSM,0,1.11,0,Low Risk
0907-HQNTS,0,8.39,0,Low Risk
7665-NKLAV,0,0.54,0,Low Risk
4391-LNRXK,0,57.47,1,Medium Risk
8250-ZNGGW,0,16.22,0,Low Risk
8562-GHPPI,0,11.54,0,Low Risk
5893-PYOLZ,0,1.3,0,Low Risk
4986-MXSFP,0,21.86,0,Low Risk
6131-FOYAS,0,29.15,0,Low Risk
3027-YNWZU,0,0.44,0,Low Risk
5609-IMCGG,0,42.85,0,Medium Risk
4727-MCYZG,0,46.78,0,Medium Risk
9481-WHGWY,0,0.31,0,Low Risk
4328-VUFWD,0,3.27,0,Low Risk
3301-LSLWQ,0,11.65,0,Low Risk
7473-ZBDSN,0,1.03,0,Low Risk
3166-PNEOF,0,3.45,0,Low Risk
5639-NTUPK,0,8.49,0,Low Risk
8780-YRMTT,0,0.55,0,Low Risk
5140-FOMCQ,0,21.45,0,Low Risk
6242-SGYTS,0,1.13,0,Low Risk
8166-ORCHU,0,11.96,0,Low Risk
8414-OOEEL,0,0.12,0,Low Risk
8454-AATJP,0,4.07,0,Low Risk
4531-AUZNK,0,1.05,0,Low Risk
4191-XOVOM,0,27.08,0,Low Risk
2150-OEGBV,0,1.67,0,Low Risk
1855-CFULU,0,9.3,0,Low Risk
4878-BUNFV,0,0.15,0,Low Risk
1872-EBWSC,0,1.39,0,Low Risk
7026-YMSBE,0,3.8,0,Low Risk
6997-UVGOX,0,0.33,0,Low Risk
9674-EHPPG,0,1.94,0,Low Risk
5440-VHLUL,0,13.62,0,Low Risk
5781-BKHOP,0,6.21,0,Low Risk
5213-TWWJU,0,56.83,1,Medium Risk
8628-MFKAX,0,5.22,0,Low Risk
7629-WIXZF,0,47.28,0,Medium Risk
5445-GLVOT,0,18.39,0,Low Risk
3976-HXHCE,0,0.07,0,Low Risk
2466-NEJOJ,0,2.33,0,Low Risk
0254-KCJGT,0,7.99,0,Low Risk
5472-CVMDX,0,1.85,0,Low Risk
6461-SZMCV,0,1.04,0,Low Risk
8150-QUDFX,0,15.68,0,Low Risk
9508-ILZDG,0,35.55,0,Medium Risk
2346-DJQTB,0,17.24,0,Low Risk
1697-LYYYX,0,0.39,0,Low Risk
1942-OQFRW,0,58.24,1,Medium Risk
9640-ZSLDC,0,0.52,0,Low Risk
4231-LZUYM,0,0.79,0,Low Risk
6128-AQBMT,0,44.96,0,Medium Risk
3594-BDSOA,0,3.9,0,Low Risk
5133-VRSAB,0,47.49,0,Medium Risk
5996-DAOQL,0,14.98,0,Low Risk
6838-YAUVY,0,4.88,0,Low Risk
0484-JPBRU,0,3.54,0,Low Risk
7883-ROJOC,0,25.39,0,Low Risk
0244-LGNFY,0,0.62,0,Low Risk
7274-CGTOD,0,0.9,0,Low Risk
4295-YURET,0,0.25,0,Low Risk
4635-EJYPD,0,0.31,0,Low Risk
1866-ZSLJM,0,12.47,0,Low Risk
4636-TVXVG,0,0.19,0,Low Risk
4236-UJPWO,0,27.6,0,Low Risk
9392-XBGTD,0,0.61,0,Low Risk
6402-SSEJG,0,25.32,0,Low Risk
1169-SAOCL,0,15.03,0,Low Risk
1110-KYLGQ,0,24.88,0,Low Risk
9929-PLVPA,0,4.39,0,Low Risk
3518-PZXZQ,0,36.7,0,Medium Risk
2371-JUNGC,0,30.71,0,Medium Risk
7693-QPEFS,0,36.06,0,Medium Risk
0924-BJCRC,0,35.55,0,Medium Risk
5074-FBGHB,0,11.59,0,Low Risk
2351-BKRZW,0,1.19,0,Low Risk
4455-BFSPD,0,8.39,0,Low Risk
3948-KXDUF,0,0.26,0,Low Risk
2323-ARSVR,0,7.17,0,Low Risk
0815-MFZGM,0,20.77,0,Low Risk
5480-XTFFL,0,0.26,0,Low Risk
8295-FHIVV,0,7.41,0,Low Risk
9086-YJYXS,0,5.05,0,Low Risk
1179-INLAT,0,16.56,0,Low Risk
7909-FIOIY,0,8.15,0,Low Risk
6351-SCJKT,0,27.76,0,Low Risk
5468-BPMMO,0,4.91,0,Low Risk
0197-PNKNK,0,0.95,0,Low Risk
2439-QKJUL,0,6.76,0,Low Risk
1194-SPVSP,0,17.87,0,Low Risk
9534-NSXEM,0,6.57,0,Low Risk
8929-KSWIH,0,18.62,0,Low Risk
2250-IVBWA,0,4.05,0,Low Risk
1810-MVMAI,0,4.85,0,Low Risk
9506-UXUSK,0,71.55,1,High Risk
1229-RCALF,0,36.53,0,Medium Risk
3572-UOLYZ,0,6.67,0,Low Risk
1429-UYJSV,0,6.98,0,Low Risk
6366-XIVKZ,0,11.15,0,Low Risk
3470-OBUET,0,0.34,0,Low Risk
2770-NSVDG,0,43.48,0,Medium Risk
9375-MHRRS,0,33.09,0,Medium Risk
4860-YZGZM,0,24.65,0,Low Risk
6599-GZWCM,0,46.6,0,Medium Risk
5533-NHFRF,0,44.83,0,Medium Risk
7037-MTYVW,0,1.14,0,Low Risk
4760-THGOT,0,50.96,1,Medium Risk
4016-BJKTZ,0,28.31,0,Low Risk
6584-VQMYT,0,1.11,0,Low Risk
9838-BFCQT,0,0.11,0,Low Risk
2790-XUYMV,0,0.84,0,Low Risk
0581-MDMPW,0,63.3,1,High Risk
1023-BQXZE,0,1.9,0,Low Risk
9163-GHAYE,0,25.88,0,Low Risk
3904-UKFRE,0,52.59,1,Medium Risk
5353-WILCI,0,10.69,0,Low Risk
0058-EVZWM,0,35.22,0,Medium Risk
7009-PCARS,0,0.05,0,Low Risk
0519-DRGTI,0,2.12,0,Low Risk
1017-FBQMM,0,12.67,0,Low Risk
1985-MBRYP,0,1.09,0,Low Risk
9372-TXXPS,0,0.38,0,Low Risk
3259-QMXUN,0,9.61,0,Low Risk
1015-JPFYW,0,1.98,0,Low Risk
6645-MXQJT,0,21.11,0,Low Risk
4360-QRAVE,0,9.22,0,Low Risk
8433-WPJTV,0,4.08,0,Low Risk
5804-JMYIO,0,0.42,0,Low Risk
6484-LATFU,0,0.46,0,Low Risk
7599-NTMDP,0,0.22,0,Low Risk
0536-ACXIP,0,19.62,0,Low Risk
0936-NQLJU,0,0.94,0,Low Risk
1575-KRZZE,0,38.56,0,Medium Risk
3251-YMVWZ,0,1.03,0,Low Risk
4884-LEVMQ,0,1.86,0,Low Risk
8857-CUPFQ,0,0.37,0,Low Risk
7610-TVOPG,0,29.67,0,Low Risk
3638-DIMPH,0,14.36,0,Low Risk
1845-ZLLIG,0,46.54,0,Medium Risk
8559-WNQZS,0,11.25,0,Low Risk
1699-UOTXU,0,1.41,0,Low Risk
0635-WKOLD,0,2.88,0,Low Risk
5993-JSUWV,0,1.86,0,Low Risk
4518-FZBSX,0,0.24,0,Low Risk
5387-ASZNZ,0,0.97,0,Low Risk
6988-CJEYV,0,54.03,1,Medium Risk
3097-FQTVJ,0,0.72,0,Low Risk
5465-BUBFA,0,0.21,0,Low Risk
7299-GNVPL,0,1.99,0,Low Risk
9743-DQKQW,0,31.3,0,Medium Risk
1215-VFYVK,0,20.57,0,Low Risk
9371-BITHB,0,0.19,0,Low Risk
9093-FPDLG,0,33.84,0,Medium Risk
0541-FITGH,0,21.0,0,Low Risk
6985-HAYWX,0,42.2,0,Medium Risk
7508-KBIMB,0,3.2,0,Low Risk
6838-HVLXG,0,10.0,0,Low Risk
2277-DJJDL,0,63.64,1,High Risk
1897-OKVMW,0,0.88,0,Low Risk
5485-ITNPC,0,0.84,0,Low Risk
0233-FTHAV,0,6.42,0,Low Risk
4644-PIZRT,0,7.12,0,Low Risk
8922-NPKBJ,0,0.12,0,Low Risk
2740-TVLFN,0,39.78,0,Medium Risk
7771-CFQRQ,0,0.44,0,Low Risk
9512-PHSMG,0,13.7,0,Low Risk
6963-EZQEE,0,0.81,0,Low Risk
2452-KDRRH,0,38.35,0,Medium Risk
4146-SVFUD,0,32.36,0,Medium Risk
1564-HJUVY,0,27.22,0,Low Risk
3617-XLSGQ,0,2.24,0,Low Risk
7517-LDMPS,0,59.13,1,Medium Risk
7244-KXYZN,0,3.22,0,Low Risk
5226-NOZFC,0,79.46,1,High Risk
1400-WIVLL,0,19.41,0,Low Risk
8148-NLEGT,0,0.76,0,Low Risk
8347-GDTMP,0,0.21,0,Low Risk
6746-WAUWT,0,6.19,0,Low Risk
0428-IKYCP,0,38.78,0,Medium Risk
2187-PKZAY,0,58.36,1,Medium Risk
4003-OCTMP,0,9.92,0,Low Risk
6652-YFFJO,0,53.53,1,Medium Risk
7225-IILWY,0,0.13,0,Low Risk
5248-RPYWW,0,0.73,0,Low Risk
7923-IYJWY,0,5.15,0,Low Risk
3170-GWYKC,0,20.99,0,Low Risk
9830-ECLEN,0,1.2,0,Low Risk
2668-TZSPS,0,32.87,0,Medium Risk
7446-SFAOA,0,9.54,0,Low Risk
9522-ZSINC,0,35.28,0,Medium Risk
8234-GSZYK,0,0.62,0,Low Risk
6505-OZNPG,0,27.42,0,Low Risk
6164-HAQTX,0,0.67,0,Low Risk
7765-LWVVH,0,4.47,0,Low Risk
1658-TJVOA,0,61.86,1,High Risk
0953-LGOVU,0,12.21,0,Low Risk
4692-NNQRU,0,23.1,0,Low Risk
7742-MYPGI,0,13.21,0,Low Risk
9619-GSATL,0,2.72,0,Low Risk
5622-UEJFI,0,0.56,0,Low Risk
0674-DGMAQ,0,68.94,1,High Risk
6203-HBZPA,0,0.99,0,Low Risk
0484-FFVBJ,0,8.25,0,Low Risk
0301-FIDRB,0,0.57,0,Low Risk
4139-JPIAM,0,6.21,0,Low Risk
2181-TIDSV,0,0.23,0,Low Risk
2761-XECQW,0,28.72,0,Low Risk
1936-CZAKF,0,8.88,0,Low Risk
9453-PATOS,0,2.77,0,Low Risk
4402-FTBXC,0,21.23,0,Low Risk
2931-XIQBR,0,1.88,0,Low Risk
0106-UGRDO,0,7.19,0,Low Risk
5542-TBBWB,0,81.68,1,High Risk
1930-QPBVZ,0,0.54,0,Low Risk
2606-PKWJB,0,0.49,0,Low Risk
5322-ZSMZY,0,0.45,0,Low Risk
8059-UDZFY,0,38.92,0,Medium Risk
7740-BTPUX,0,9.4,0,Low Risk
5220-AGAAX,0,0.2,0,Low Risk
0208-BPQEJ,0,1.16,0,Low Risk
9435-JMLSX,0,0.86,0,Low Risk
3352-ALMCK,0,34.36,0,Medium Risk
5312-IRCFR,0,8.86,0,Low Risk
5294-IMHHT,0,10.46,0,Low Risk
6176-YJWAS,0,5.62,0,Low Risk
5310-NOOVA,0,1.07,0,Low Risk
4526-EXKKN,0,3.02,0,Low Risk
5311-IHLEI,0,24.49,0,Low Risk
3987-KQDDU,0,32.6,0,Medium Risk
3404-JNXAX,0,11.42,0,Low Risk
5131-PONJI,0,6.72,0,Low Risk
3489-VSFRD,0,0.47,0,Low Risk
3345-JHUEO,0,18.53,0,Low Risk
5815-HGGHV,0,15.87,0,Low Risk
5260-UMPWX,0,2.35,0,Low Risk
5649-RXQTV,0,36.17,0,Medium Risk
2674-MIAHT,0,44.57,0,Medium Risk
2576-HXMPA,0,45.79,0,Medium Risk
7587-AOVVU,0,9.93,0,Low Risk
6898-MDLZW,0,33.78,0,Medium Risk
4707-YNOQA,0,1.13,0,Low Risk
9357-UJRUN,0,10.92,0,Low Risk
8648-PFRMP,0,53.05,1,Medium Risk
7663-CUXZB,0,9.22,0,Low Risk
0258-NOKBL,0,60.88,1,High Risk
1163-VIPRI,0,0.86,0,Low Risk
9348-ROUAI,0,0.6,0,Low Risk
9443-JUBUO,0,0.42,0,Low Risk
3043-TYBNO,0,21.73,0,Low Risk
4830-FAXFM,0,6.04,0,Low Risk
5906-BFOZT,0,25.89,0,Low Risk
2960-NKRSO,0,37.36,0,Medium Risk
8996-ZROXE,0,10.97,0,Low Risk
5598-IKHQQ,0,0.74,0,Low Risk
0397-ZXWQF,0,0.23,0,Low Risk
5266-PFRQK,0,0.19,0,Low Risk
4674-HGNUA,0,0.2,0,Low Risk
6765-MBQNU,0,2.19,0,Low Risk
9786-IJYDL,0,31.98,0,Medium Risk
1303-SRDOK,0,4.56,0,Low Risk
3769-MHZNV,0,0.26,0,Low Risk
6295-OSINB,0,6.86,0,Low Risk
3308-MHOOC,0,3.0,0,Low Risk
2207-QPJED,0,33.64,0,Medium Risk
4177-JPDFU,0,15.48,0,Low Risk
2239-CFOUJ,0,5.73,0,Low Risk
8046-DNVTL,0,0.54,0,Low Risk
2209-XADXF,0,31.48,0,Medium Risk
6620-JDYNW,0,19.06,0,Low Risk
4770-UEZOX,0,60.42,1,High Risk
1038-RQOST,0,2.11,0,Low Risk
4568-TTZRT,0,13.58,0,Low Risk
9513-DXHDA,0,7.57,0,Low Risk
0516-QREYC,0,7.21,0,Low Risk
8084-OIVBS,0,15.1,0,Low Risk
8896-BQTTI,0,23.84,0,Low Risk
3865-QBWSJ,0,4.1,0,Low Risk
3352-RICWQ,0,1.84,0,Low Risk
2160-GPFXD,0,0.55,0,Low Risk
2065-MMKGR,0,27.57,0,Low Risk
5857-TYBCJ,0,52.92,1,Medium Risk
1498-NHTLT,0,0.37,0,Low Risk
1402-PTHGN,0,12.15,0,Low Risk
4176-RELJR,0,0.4,0,Low Risk
5199-FPUSP,0,0.73,0,Low Risk
6377-KSLXC,0,25.77,0,Low Risk
1796-JANOW,0,14.11,0,Low Risk
0238-WHBIQ,0,0.45,0,Low Risk
8735-NBLWT,0,1.5,0,Low Risk
6651-RLGGM,0,0.12,0,Low Risk
1614-JBEBI,0,15.13,0,Low Risk
5696-EXCYS,0,7.19,0,Low Risk
5795-KTGUD,0,6.58,0,Low Risk
7924-GJZFI,0,54.23,1,Medium Risk
4702-HDRKD,0,1.8,0,Low Risk
8512-WIWYV,0,2.07,0,Low Risk
5897-ZYEKH,0,8.98,0,Low Risk
5456-ITGIC,0,3.55,0,Low Risk
1406-PUQVY,0,12.65,0,Low Risk
9114-AAFQH,0,5.07,0,Low Risk
8715-KKTFG,0,29.3,0,Low Risk
1728-BQDMA,0,34.25,0,Medium Risk
5117-ZSMHQ,0,0.38,0,Low Risk
5151-HQRDG,0,10.64,0,Low Risk
0960-HUWBM,0,8.09,0,Low Risk
6465-GSRCL,0,6.5,0,Low Risk
0263-FJTQO,0,1.66,0,Low Risk
7319-ZNRTR,0,0.91,0,Low Risk
7503-EPSZW,0,0.12,0,Low Risk
7089-XXAYG,0,16.97,0,Low Risk
8070-AAWZP,0,22.85,0,Low Risk
1666-JXLKU,0,36.14,0,Medium Risk
7855-DIWPO,0,61.47,1,High Risk
5133-POWUA,0,33.95,0,Medium Risk
5652-MSDEY,0,55.12,1,Medium Risk
1810-BOHSY,0,9.65,0,Low Risk
1784-BXEFA,0,11.12,0,Low Risk
7351-MHQVU,0,18.9,0,Low Risk
9224-VTYID,0,2.13,0,Low Risk
9500-IWPXQ,0,1.05,0,Low Risk
5762-TJXGK,0,3.9,0,Low Risk
4504-YOULA,0,5.12,0,Low Risk
5569-IDSEY,0,25.77,0,Low Risk
7284-ZZLOH,0,0.84,0,Low Risk
1777-JYQPJ,0,48.04,0,Medium Risk
3401-URHDA,0,6.73,0,Low Risk
1599-EAHXY,0,0.13,0,Low Risk
8631-XVRZL,0,8.12,0,Low Risk
3853-LYGAM,0,55.19,1,Medium Risk
5751-USDBL,0,0.62,0,Low Risk
5680-LQOGP,0,0.36,0,Low Risk
8189-DUKMV,0,16.78,0,Low Risk
9931-DCEZH,0,0.64,0,Low Risk
1898-JSNDC,0,26.31,0,Low Risk
0315-LVCRK,0,39.87,0,Medium Risk
3911-RSNHI,0,1.96,0,Low Risk
2410-CIYFZ,0,8.44,0,Low Risk
5505-OVWQW,0,14.2,0,Low Risk
7271-AJDTL,0,32.14,0,Medium Risk
1867-TJHTS,0,18.59,0,Low Risk
6860-YRJZP,0,77.4,1,High Risk
4429-WYGFR,0,14.19,0,Low Risk
2817-LVCPP,0,0.74,0,Low Risk
5038-ETMLM,0,5.32,0,Low Risk
5056-FIMPT,0,3.51,0,Low Risk
4521-WFJAI,0,1.23,0,Low Risk
6569-KTMDU,0,18.61,0,Low Risk
8809-XKHMD,0,9.56,0,Low Risk
0396-YCHWO,0,76.97,1,High Risk
0867-LDTTC,0,29.77,0,Low Risk
9391-DXGGG,0,8.81,0,Low Risk
9844-FELAJ,0,4.87,0,Low Risk
2122-SZZZD,0,1.53,0,Low Risk
3148-AOIQT,0,1.95,0,Low Risk
8395-ETZKQ,0,0.09,0,Low Risk
6692-YQHXC,0,46.42,0,Medium Risk
3889-VWBID,0,0.15,0,Low Risk
5222-JCXZT,0,22.24,0,Low Risk
9754-CLVZW,0,2.17,0,Low Risk
2739-CCZMB,0,1.27,0,Low Risk
7080-TNUWP,0,12.27,0,Low Risk
0496-AHOOK,0,13.72,0,Low Risk
8336-TAVKX,0,0.67,0,Low Risk
2468-SJFLM,0,38.18,0,Medium Risk
3181-VTHOE,0,4.93,0,Low Risk
7168-HDQHG,0,0.5,0,Low Risk
4567-AKPIA,0,10.73,0,Low Risk
7901-HXJVA,0,50.15,1,Medium Risk
5924-IFQTT,0,27.17,0,Low Risk
7968-QUXNS,0,24.76,0,Low Risk
8903-WMRNW,0,39.22,0,Medium Risk
2452-SNHFZ,0,6.3,0,Low Risk
3629-WEAAM,0,26.69,0,Low Risk
6029-CSMJE,0,42.21,0,Medium Risk
7993-NQLJE,0,4.72,0,Low Risk
9909-DFRJA,0,9.49,0,Low Risk
9099-FTUHS,0,19.09,0,Low Risk
0581-BXBUB,0,50.27,1,Medium Risk
4962-CHQPW,0,0.28,0,Low Risk
9467-ROOLM,0,7.27,0,Low Risk
5150-ITWWB,0,80.83,1,High Risk
2253-KPMNB,0,0.2,0,Low Risk
1345-ZUKID,0,4.52,0,Low Risk
6429-SHBCB,0,54.62,1,Medium Risk
9281-OFDMF,0,19.02,0,Low Risk
2603-HVKCG,0,30.45,0,Medium Risk
1834-WULEG,0,1.39,0,Low Risk
9097-ZUBYC,0,19.97,0,Low Risk
5148-ORICT,0,4.26,0,Low Risk
4893-GYUJU,0,0.52,0,Low Risk
4578-PHJYZ,0,1.65,0,Low Risk
7272-QDCKA,0,24.65,0,Low Risk
8908-SLFCJ,0,1.97,0,Low Risk
9766-HGEDE,0,2.62,0,Low Risk
6968-MHOMU,0,33.92,0,Medium Risk
5044-XDPYX,0,0.75,0,Low Risk
1814-WFGVS,0,0.12,0,Low Risk
3721-WKIIL,0,1.55,0,Low Risk
6734-CKRSM,0,9.02,0,Low Risk
1265-ZFOSD,0,1.85,0,Low Risk
6568-POCUI,0,32.67,0,Medium Risk
5197-LQXXH,0,2.66,0,Low Risk
3457-PQBYH,0,0.08,0,Low Risk
7682-AZNDK,0,20.02,0,Low Risk
5384-ZTTWP,0,1.38,0,Low Risk
3745-HRPHI,0,0.8,0,Low Risk
7636-OWBPG,0,36.49,0,Medium Risk
1231-YNDEK,0,0.72,0,Low Risk
1407-DIGZV,0,0.79,0,Low Risk
0570-BFQHT,0,30.82,0,Medium Risk
4393-OBCRR,0,9.72,0,Low Risk
8564-LDKFL,0,24.11,0,Low Risk
3696-DFHHB,0,1.03,0,Low Risk
4717-GHADL,0,5.03,0,Low Risk
5501-TVMGM,0,43.15,0,Medium Risk
5879-HMFFH,0,3.37,0,Low Risk
6772-WFQRD,0,0.62,0,Low Risk
3810-DVDQQ,0,0.71,0,Low Risk
6972-SNKKW,0,12.36,0,Low Risk
3694-GLTJM,0,40.91,0,Medium Risk
8550-XSXUQ,0,9.55,0,Low Risk
9055-MOJJJ,0,0.55,0,Low Risk
4359-INNWN,0,7.51,0,Low Risk
0585-EGDDA,0,48.98,0,Medium Risk
4032-RMHCI,0,0.82,0,Low Risk
0549-CYCQN,0,13.19,0,Low Risk
3481-JHUZH,0,24.69,0,Low Risk
3594-IVHJZ,0,11.83,0,Low Risk
6869-FGJJC,0,3.41,0,Low Risk
3896-ZVNET,0,0.69,0,Low Risk
8205-VSLRB,0,1.47,0,Low Risk
5960-MVTUK,0,36.08,0,Medium Risk
6817-WTYHE,0,59.73,1,Medium Risk
3082-VQXNH,0,69.95,1,High Risk
4931-TRZWN,0,29.68,0,Low Risk
0750-EKNGL,0,8.84,0,Low Risk
7669-LCRSD,0,24.2,0,Low Risk
3567-PQTSO,0,8.62,0,Low Risk
8043-PNYSD,0,0.07,0,Low Risk
9938-EKRGF,0,35.16,0,Medium Risk
2703-AMTUL,0,0.32,0,Low Risk
0928-JMXNP,0,43.61,0,Medium Risk
8173-RXAYP,0,0.63,0,Low Risk
4825-XJGDM,0,1.09,0,Low Risk
5402-HTOTQ,0,25.23,0,Low Risk
6734-JDTTV,0,0.07,0,Low Risk
7850-THJMU,0,0.55,0,Low Risk
3890-RTCMS,0,10.8,0,Low Risk
3717-FDJFU,0,0.59,0,Low Risk
3665-JATSN,0,28.98,0,Low Risk
7966-YOTQW,0,32.19,0,Medium Risk
8853-TZDGH,0,7.99,0,Low Risk
4324-BZCKL,0,9.95,0,Low Risk
6924-TDGMT,0,13.7,0,Low Risk
1536-YHDOE,0,1.9,0,Low Risk
8123-QBNAZ,0,8.49,0,Low Risk
3629-ZNKXA,0,78.31,1,High Risk
4827-LTQRJ,0,2.84,0,Low Risk
7711-YIJWC,0,0.64,0,Low Risk
5482-VXSXJ,0,28.31,0,Low Risk
7365-BVCJH,0,79.27,1,High Risk
9620-ENEJV,0,44.14,0,Medium Risk
2378-YIZKA,0,0.11,0,Low Risk
0689-DSXGL,0,0.81,0,Low Risk
6818-DJXAA,0,21.11,0,Low Risk
0464-WJTKO,0,0.02,0,Low Risk
8902-ZEOVF,0,0.27,0,Low Risk
6778-EICRF,0,3.43,0,Low Risk
2662-NNTDK,0,0.42,0,Low Risk
4132-KALRO,0,62.72,1,High Risk
2874-YXVVA,0,29.86,0,Low Risk
1245-HARPS,0,3.08,0,Low Risk
4323-ELYYB,0,1.96,0,Low Risk
4293-ETKAP,0,0.3,0,Low Risk
6064-PUPMC,0,0.25,0,Low Risk
6504-VBLFL,0,0.64,0,Low Risk
6322-PJJDJ,0,16.94,0,Low Risk
0330-BGYZE,0,13.68,0,Low Risk
1085-LDWAM,0,0.08,0,Low Risk
7586-ZATGZ,0,52.98,1,Medium Risk
7197-VOJMM,0,0.56,0,Low Risk
1843-TLSGD,0,0.33,0,Low Risk
9626-VFRGG,0,19.73,0,Low Risk
7075-BNDVQ,0,38.61,0,Medium Risk
9143-CANJF,0,3.13,0,Low Risk
7284-BUYEC,0,37.11,0,Medium Risk
2041-JIJCI,0,74.46,1,High Risk
4900-MSOMT,0,0.09,0,Low Risk
2229-VWQJH,0,25.76,0,Low Risk
9194-GFVOI,0,7.54,0,Low Risk
1336-EZFZY,0,14.85,0,Low Risk
4282-MSACW,0,5.86,0,Low Risk
1403-LKLIK,0,0.2,0,Low Risk
0136-IFMYD,0,16.33,0,Low Risk
5144-TVGLP,0,67.21,1,High Risk
9643-AVVWI,0,22.3,0,Low Risk
0253-ZTEOB,0,3.91,0,Low Risk
2706-QZIHY,0,11.03,0,Low Risk
6061-PQHMK,0,3.05,0,Low Risk
6137-MFAJN,0,15.83,0,Low Risk
9122-UMROB,0,39.65,0,Medium Risk
4232-JGKIY,0,22.99,0,Low Risk
2402-TAIRZ,0,13.61,0,Low Risk
9659-ZTWSM,0,22.03,0,Low Risk
9139-TWBAS,0,12.82,0,Low Risk
6685-GBWJZ,0,1.7,0,Low Risk
2195-VVRJF,0,25.58,0,Low Risk
3913-RDSJZ,0,0.4,0,Low Risk
4203-QGNZA,0,0.75,0,Low Risk
5043-TRZWM,0,58.35,1,Medium Risk
9494-BDNNC,0,16.87,0,Low Risk
1640-PLFMP,0,65.97,1,High Risk
5366-OBVMR,0,28.62,0,Low Risk
7644-OMVMY,0,2.78,0,Low Risk
4573-JKNAE,0,1.06,0,Low Risk
9817-APLHW,0,13.61,0,Low Risk
8380-MQINP,0,0.11,0,Low Risk
0840-DFEZH,0,66.19,1,High Risk
8690-ZVLCL,0,0.32,0,Low Risk
1125-SNVCK,0,5.04,0,Low Risk
0384-LPITE,0,7.63,0,Low Risk
4616-EWBNJ,0,8.2,0,Low Risk
1335-HQMKX,0,28.75,0,Low Risk
2545-EBUPK,0,83.53,1,High Risk
6923-AQONU,0,0.5,0,Low Risk
2172-EJXVF,0,15.7,0,Low Risk
4536-PLEQY,0,76.71,1,High Risk
7029-IJEJK,0,3.37,0,Low Risk
8871-JLMHM,0,3.4,0,Low Risk
5447-VYTKW,0,8.92,0,Low Risk
3623-FQBOX,0,7.93,0,Low Risk
8659-HDIYE,0,3.99,0,Low Risk
3474-BAFSJ,0,4.49,0,Low Risk
3865-ZFZIB,0,1.58,0,Low Risk
1855-AGAWH,0,29.96,0,Low Risk
7109-CQYUZ,0,1.21,0,Low Risk
1370-GGAWX,0,10.8,0,Low Risk
4680-KUTAJ,0,14.42,0,Low Risk
5307-UVGNB,0,0.9,0,Low Risk
2883-ILGWO,0,11.08,0,Low Risk
3642-BYHDO,0,0.03,0,Low Risk
9629-NHXFW,0,2.2,0,Low Risk
2696-RZVZW,0,0.2,0,Low Risk
5766-FTRTS,0,0.97,0,Low Risk
0396-HUJBP,0,6.18,0,Low Risk
8879-ZKJOF,0,1.8,0,Low Risk
6285-FTQBF,0,0.04,0,Low Risk
1474-JUWSM,0,12.81,0,Low Risk
3530-CRZSB,0,10.35,0,Low Risk
8498-XXGWA,0,6.16,0,Low Risk
9617-INGJY,0,29.75,0,Low Risk
0621-TSSMU,0,0.68,0,Low Risk
7234-KMNRQ,0,19.86,0,Low Risk
7636-PEPNS,0,0.27,0,Low Risk
4683-WYDOU,0,4.82,0,Low Risk
9052-DHNKM,0,6.35,0,Low Risk
6794-HKIAJ,0,3.74,0,Low Risk
5578-NKCXI,0,1.02,0,Low Risk
1642-HMARX,0,2.35,0,Low Risk
3096-WPXBT,0,3.46,0,Low Risk
8434-PNQZX,0,11.32,0,Low Risk
5950-AAAGJ,0,33.42,0,Medium Risk
4299-OPXEJ,0,0.7,0,Low Risk
9618-LFJRU,0,25.06,0,Low Risk
6693-DJWTY,0,0.6,0,Low Risk
0744-GKNGE,0,2.27,0,Low Risk
6447-EGDIV,0,1.6,0,Low Risk
1167-OYZJF,0,0.37,0,Low Risk
4806-DXQCE,0,4.68,0,Low Risk
4854-SSLTN,0,1.89,0,Low Risk
5294-DMSFH,0,23.01,0,Low Risk
4837-PZTIC,0,1.38,0,Low Risk
0603-OLQDC,0,5.34,0,Low Risk
3272-VUHPV,0,4.16,0,Low Risk
4176-FXYBO,0,35.77,0,Medium Risk
1063-DHQJF,0,0.44,0,Low Risk
8663-UPDGF,0,19.39,0,Low Risk
6719-FGEDO,0,2.97,0,Low Risk
1837-YQUCE,0,2.31,0,Low Risk
0369-ZGOVK,0,4.06,0,Low Risk
9919-KNPOO,0,47.86,0,Medium Risk
7872-BAAZR,0,0.12,0,Low Risk
9391-LMANN,0,4.4,0,Low Risk
8174-TBVCF,0,8.1,0,Low Risk
1698-XFZCI,0,8.51,0,Low Risk
1877-HKBQX,0,3.25,0,Low Risk
4450-DLLMH,0,46.67,0,Medium Risk
0428-AXXLJ,0,11.14,0,Low Risk
2746-DIJLO,0,8.81,0,Low Risk
3508-VLHCZ,0,0.32,0,Low Risk
4086-ATNFV,0,1.71,0,Low Risk
0468-YRPXN,0,61.05,1,High Risk
5996-NRVXR,0,9.32,0,Low Risk
3739-YBWAB,0,6.15,0,Low Risk
7047-FWEYA,0,32.74,0,Medium Risk
2000-MPKCA,0,13.91,0,Low Risk
9762-YAQAA,0,32.96,0,Medium Risk
5473-KHBPS,0,2.28,0,Low Risk
0100-DUVFC,0,17.12,0,Low Risk
5397-TUPSH,0,8.02,0,Low Risk
8950-MTZNV,0,19.55,0,Low Risk
0326-VDYXE,0,45.49,0,Medium Risk
6773-LQTVT,0,8.92,0,Low Risk
0436-TWFFZ,0,4.46,0,Low Risk
8566-YPRGL,0,30.13,0,Medium Risk
6609-MXJHJ,0,1.63,0,Low Risk
2669-OIDSD,0,58.53,1,Medium Risk
8400-WZICQ,0,2.09,0,Low Risk
9576-SYUHJ,0,48.37,0,Medium Risk
0410-IPFTY,0,51.06,1,Medium Risk
2831-EBWRN,0,44.63,0,Medium Risk
9430-NKQLY,0,0.03,0,Low Risk
0247-SLUJI,0,15.57,0,Low Risk
9402-ORRAH,0,58.73,1,Medium Risk
6483-OATDN,0,12.61,0,Low Risk
1293-HHSHJ,0,3.25,0,Low Risk
4840-ORQXB,0,46.49,0,Medium Risk
3982-DQLUS,0,5.62,0,Low Risk
8610-ZIKJJ,0,11.38,0,Low Risk
3756-VNWDH,0,18.53,0,Low Risk
7801-KICAO,0,62.71,1,High Risk
7673-LPRNY,0,21.67,0,Low Risk
6060-QBMGV,0,0.48,0,Low Risk
7339-POGZN,0,59.07,1,Medium Risk
2828-SLQPF,0,26.47,0,Low Risk
4465-VDKIQ,0,28.98,0,Low Risk
2921-XWDJH,0,38.74,0,Medium Risk
2558-BUOZZ,0,17.36,0,Low Risk
9257-AZMTZ,0,0.11,0,Low Risk
0003-MKNFE,0,57.32,1,Medium Risk
0975-UYDTX,0,18.14,0,Low Risk
4682-BLBUC,0,4.25,0,Low Risk
0975-VOOVL,0,38.24,0,Medium Risk
5968-VXZLG,0,20.94,0,Low Risk
5201-FRKKS,0,32.71,0,Medium Risk
9799-CAYJJ,0,50.22,1,Medium Risk
5443-SCMKX,0,17.87,0,Low Risk
8295-KMENE,0,0.31,0,Low Risk
6738-ISCBM,0,12.62,0,Low Risk
9821-BESNZ,0,11.51,0,Low Risk
3678-MNGZX,0,0.06,0,Low Risk
1335-NTIUC,0,68.28,1,High Risk
2916-BQZLN,0,59.94,1,Medium Risk
4558-CGYCZ,0,9.18,0,Low Risk
2368-GAKKQ,0,4.92,0,Low Risk
8710-YGLWG,0,54.34,1,Medium Risk
3199-XGZCY,0,76.02,1,High Risk
3785-KTYSH,0,2.44,0,Low Risk
6814-ZPWFQ,0,2.45,0,Low Risk
4063-EIKNQ,0,3.4,0,Low Risk
6993-YCOBK,0,3.88,0,Low Risk
5206-HPJKM,0,12.17,0,Low Risk
8393-JMVMB,0,14.64,0,Low Risk
5019-GQVCR,0,27.18,0,Low Risk
6036-TTFYU,0,14.69,0,Low Risk
2550-AEVRU,0,0.2,0,Low Risk
0969-RGKCU,0,0.24,0,Low Risk
0378-CJKPV,0,1.54,0,Low Risk
2880-FPNAE,0,46.68,0,Medium Risk
1703-MGIAB,0,18.98,0,Low Risk
4311-QTTAI,0,4.8,0,Low Risk
4318-RAJVY,0,4.35,0,Low Risk
3612-YUNGG,0,0.97,0,Low Risk
2254-DLXRI,0,59.82,1,Medium Risk
5062-CJJKH,0,0.7,0,Low Risk
9028-LIHRP,0,0.17,0,Low Risk
1053-MXTTK,0,0.83,0,Low Risk
1530-ZTDOZ,0,3.27,0,Low Risk
1301-LOPVR,0,6.12,0,Low Risk
0853-TWRVK,0,7.25,0,Low Risk
6212-ATMLK,0,39.22,0,Medium Risk
8200-LGKSR,0,2.99,0,Low Risk
1568-BEKZM,0,0.81,0,Low Risk
0670-ANMUU,0,2.08,0,Low Risk
6897-RWMUB,0,0.19,0,Low Risk
6999-CHVCF,0,5.69,0,Low Risk
6134-KWTBV,0,0.39,0,Low Risk
1077-HUUJM,0,28.21,0,Low Risk
0895-LNKRC,0,5.41,0,Low Risk
2045-BMBTJ,0,28.53,0,Low Risk
8417-GSODA,0,15.2,0,Low Risk
5171-EPLKN,0,1.22,0,Low Risk
4452-QIIEB,0,19.12,0,Low Risk
6741-EGCBI,0,41.01,0,Medium Risk
7820-ZYGNY,0,25.62,0,Low Risk
9677-AVKED,0,0.73,0,Low Risk
2227-JRSJX,0,57.99,1,Medium Risk
9847-HNVGP,0,5.01,0,Low Risk
6696-YDAYZ,0,0.44,0,Low Risk
8980-WQFWL,0,31.86,0,Medium Risk
1730-ZMAME,0,52.24,1,Medium Risk
6506-EYCNH,0,2.91,0,Low Risk
4634-JLRJT,0,28.06,0,Low Risk
9501-UKKNL,0,6.55,0,Low Risk
2560-QTSBS,0,0.18,0,Low Risk
4795-WRNVT,0,12.02,0,Low Risk
6080-TCMYC,0,30.1,0,Medium Risk
7860-UXCRM,0,0.1,0,Low Risk
6357-JJPQT,0,53.63,1,Medium Risk
2292-XQWSV,0,0.67,0,Low Risk
9552-TGUZV,0,23.7,0,Low Risk
5913-INRQV,0,5.12,0,Low Risk
9643-YBLUR,0,33.88,0,Medium Risk
8734-FNWVH,0,7.26,0,Low Risk
9447-YPTBX,0,1.57,0,Low Risk
9026-LHEVG,0,43.41,0,Medium Risk
7011-CVEUC,0,27.02,0,Low Risk
6185-TASNN,0,28.89,0,Low Risk
7925-PNRGI,0,1.37,0,Low Risk
1552-CZCLL,0,0.11,0,Low Risk
3038-PQIUY,0,16.54,0,Low Risk
9313-CDOGY,0,5.62,0,Low Risk
8148-BPLZQ,0,22.81,0,Low Risk
2623-DRYAM,0,45.43,0,Medium Risk
9987-LUTYD,0,2.81,0,Low Risk
4488-KQFDT,0,14.46,0,Low Risk
5693-PIPCS,0,5.94,0,Low Risk
0491-KAPQG,0,38.47,0,Medium Risk
1925-LFCZZ,0,6.03,0,Low Risk
8039-EQPIM,0,1.8,0,Low Risk
8707-RMEZH,0,3.63,0,Low Risk
3209-ZPKFI,0,2.13,0,Low Risk
6479-VDGRK,0,0.53,0,Low Risk
9373-WSLOY,0,43.85,0,Medium Risk
3569-JFODW,0,0.6,0,Low Risk
9819-FBNSV,0,42.68,0,Medium Risk
9544-PYPSJ,0,13.79,0,Low Risk
1591-XWLGB,0,0.4,0,Low Risk
0396-UKGAI,0,2.75,0,Low Risk
3243-ZHOHY,0,3.77,0,Low Risk
5186-EJEGL,0,21.13,0,Low Risk
7527-QNRUS,0,1.04,0,Low Risk
2203-GHNWN,0,58.02,1,Medium Risk
3878-AVSOQ,0,57.37,1,Medium Risk
3258-SYSWS,0,4.55,0,Low Risk
5296-PSYVW,0,0.57,0,Low Risk
6319-QSUSR,0,3.32,0,Low Risk
0512-FLFDW,0,56.5,1,Medium Risk
0487-CRLZF,0,2.54,0,Low Risk
2107-FBPTK,0,48.2,0,Medium Risk
9451-WLYRI,0,1.05,0,Low Risk
8219-VYBVI,0,0.21,0,Low Risk
1991-VOPLL,0,15.7,0,Low Risk
9738-QLWTP,0,5.48,0,Low Risk
1016-DJTSV,0,81.43,1,High Risk
9419-IPPBE,0,12.37,0,Low Risk
0174-QRVVY,0,0.06,0,Low Risk
5699-BNCAS,0,0.69,0,Low Risk
2900-PHPLN,0,0.18,0,Low Risk
8106-GWQOK,0,2.74,0,Low Risk
8751-EDEKA,0,30.6,0,Medium Risk
6878-GGDWG,0,7.73,0,Low Risk
4039-PIMHX,0,2.89,0,Low Risk
8450-LUGUK,0,1.21,0,Low Risk
3604-WLABM,0,51.23,1,Medium Risk
0795-GMVQO,0,15.09,0,Low Risk
2259-OUUSZ,0,35.1,0,Medium Risk
1142-IHLOO,0,12.86,0,Low Risk
4633-MKHYU,0,69.45,1,High Risk
6257-RJOHI,0,52.47,1,Medium Risk
1545-JFUML,0,24.38,0,Low Risk
7826-VVKWT,0,16.84,0,Low Risk
1353-GHZOS,0,18.04,0,Low Risk
2587-EKXTS,0,62.55,1,High Risk
5442-BXVND,0,2.24,0,Low Risk
9753-OYLBX,0,28.05,0,Low Risk
2364-UFROM,0,7.84,0,Low Risk
6656-JWRQX,0,43.45,0,Medium Risk
6473-ULUHT,0,11.76,0,Low Risk
7688-AWMDX,0,0.4,0,Low Risk
2842-BCQGE,0,34.23,0,Medium Risk
7244-QWYHG,0,15.0,0,Low Risk
5312-UXESG,0,30.35,0,Medium Risk
2150-WLKUW,0,11.64,0,Low Risk
7159-FVYPK,0,23.08,0,Low Risk
7032-LMBHI,0,5.6,0,Low Risk
6088-BXMRG,0,26.73,0,Low Risk
4821-SJHJV,0,9.75,0,Low Risk
7346-MEDWM,0,10.29,0,Low Risk
1137-DGOWI,0,5.4,0,Low Risk
3812-LRZIR,0,0.96,0,Low Risk
9483-GCPWE,0,0.97,0,Low Risk
4227-OJHAL,0,0.31,0,Low Risk
9220-CXRSC,0,0.32,0,Low Risk
4993-JCRGJ,0,53.21,1,Medium Risk
9537-JALFH,0,0.06,0,Low Risk
6698-OXETB,0,2.57,0,Low Risk
2103-ZRXFN,0,37.48,0,Medium Risk
3724-BSCVH,0,0.68,0,Low Risk
4877-TSOFF,0,0.29,0,Low Risk
9209-NWPGU,0,9.66,0,Low Risk
7306-YDSOI,0,0.45,0,Low Risk
5288-AHOUP,0,60.76,1,High Risk
0655-YDGFJ,0,10.89,0,Low Risk
8468-EHYJA,0,21.62,0,Low Risk
6823-SIDFQ,0,3.95,0,Low Risk
1097-FSPVW,0,2.37,0,Low Risk
8328-SKJNO,0,7.04,0,Low Risk
7010-ZMVBF,0,3.86,0,Low Risk
5201-CBWYG,0,0.13,0,Low Risk
6352-GIGGQ,0,3.04,0,Low Risk
3635-QQRQD,0,0.59,0,Low Risk
2897-DOVND,0,51.72,1,Medium Risk
3082-YVEKW,0,0.75,0,Low Risk
0191-EQUUH,0,1.62,0,Low Risk
7134-HBPBS,0,10.67,0,Low Risk
3489-HHPFY,0,75.82,1,High Risk
2926-JEJJC,0,17.32,0,Low Risk
4950-BDEUX,0,36.71,0,Medium Risk
5789-LDFXO,0,5.39,0,Low Risk
0508-OOLTO,0,22.76,0,Low Risk
2984-TBYKU,0,0.65,0,Low Risk
9822-WMWVG,0,15.65,0,Low Risk
9040-KZVWO,0,10.36,0,Low Risk
1548-ARAGG,0,11.72,0,Low Risk
6339-RZCBJ,0,2.84,0,Low Risk
4415-WNGVR,0,18.51,0,Low Risk
2522-AHJXR,0,24.15,0,Low Risk
0412-UCCNP,0,0.64,0,Low Risk
1816-FLZDK,0,61.53,1,High Risk
7096-UCLNH,0,13.38,0,Low Risk
4615-PIVVU,0,3.85,0,Low Risk
8885-QSQBX,0,16.6,0,Low Risk
8617-ENBDS,0,34.2,0,Medium Risk
9385-NXKDA,0,1.01,0,Low Risk
0430-IHCDJ,0,65.33,1,High Risk
6674-KVJHG,0,7.9,0,Low Risk
1814-DKOLC,0,11.12,0,Low Risk
9351-HXDMR,0,7.77,0,Low Risk
3537-HPKQT,0,28.22,0,Low Risk
2129-ALKBS,0,1.91,0,Low Risk
5821-MMEIL,0,0.36,0,Low Risk
1309-XGFSN,0,1.93,0,Low Risk
6968-URWQU,0,10.7,0,Low Risk
4742-TXUEX,0,0.09,0,Low Risk
9631-XEYKE,0,28.77,0,Low Risk
1335-MXCSE,0,0.56,0,Low Risk
8873-TMKGR,0,3.16,0,Low Risk
8800-JOOCF,0,46.24,0,Medium Risk
1469-LBJQJ,0,32.89,0,Medium Risk
0064-YIJGF,0,10.5,0,Low Risk
2386-OWURY,0,33.35,0,Medium Risk
0310-VQXAM,0,28.76,0,Low Risk
3453-RTHJQ,0,58.08,1,Medium Risk
6278-FEPBZ,0,16.43,0,Low Risk
4280-DLSHD,0,49.75,0,Medium Risk
1508-DFXCU,0,43.28,0,Medium Risk
7868-BGSZA,0,10.1,0,Low Risk
2800-QQUSO,0,49.21,0,Medium Risk
7973-DZRKH,0,0.34,0,Low Risk
7698-YFGEZ,0,22.42,0,Low Risk
9773-PEQBZ,0,43.75,0,Medium Risk
0650-BWOZN,0,57.1,1,Medium Risk
7785-RDVIG,0,3.46,0,Low Risk
9602-WCXPI,0,0.8,0,Low Risk
2903-YYTBW,0,9.86,0,Low Risk
3620-MWJNE,0,39.9,0,Medium Risk
8573-JGCZW,0,8.39,0,Low Risk
6837-HAEVO,0,2.68,0,Low Risk
6701-YVNQG,0,1.2,0,Low Risk
4304-XUMGI,0,0.87,0,Low Risk
9504-YAZWB,0,0.24,0,Low Risk
8819-ZBYNA,0,6.41,0,Low Risk
6174-NRBTZ,0,5.65,0,Low Risk
9481-IEBZY,0,13.66,0,Low Risk
6137-NICCO,0,27.64,0,Low Risk
9065-ZCPQX,0,1.92,0,Low Risk
6402-EJMWF,0,61.12,1,High Risk
3620-EHIMZ,0,0.04,0,Low Risk
3213-VVOLG,0,1.35,0,Low Risk
6870-ECSHE,0,7.35,0,Low Risk
8747-UDCOI,0,0.19,0,Low Risk
4626-OZDTJ,0,7.71,0,Low Risk
9169-BSVIN,0,22.59,0,Low Risk
8194-PEEBY,0,0.32,0,Low Risk
6872-HXFNF,0,0.83,0,Low Risk
7714-YXSMB,0,38.75,0,Medium Risk
8387-UGUSU,0,0.73,0,Low Risk
1080-BWSYE,0,0.21,0,Low Risk
1194-HVAIF,0,52.15,1,Medium Risk
1767-TGTKO,0,18.21,0,Low Risk
8439-LTUGF,0,18.09,0,Low Risk
8805-JNRAZ,0,52.62,1,Medium Risk
6418-HNFED,0,5.66,0,Low Risk
0206-OYVOC,0,0.34,0,Low Risk
7291-CDTMJ,0,27.99,0,Low Risk
7128-GGCNO,0,15.55,0,Low Risk
0237-YFUTL,0,28.54,0,Low Risk
7691-KGKGP,0,1.14,0,Low Risk
6710-HSJRD,0,44.92,0,Medium Risk
3675-EQOZA,0,8.86,0,Low Risk
0840-DCNZE,0,2.08,0,Low Risk
1732-FEKLD,0,12.67,0,Low Risk
9862-KJTYK,0,6.38,0,Low Risk
0479-HMSWA,0,2.55,0,Low Risk
5854-KSRBJ,0,0.04,0,Low Risk
0365-BZUWY,0,47.55,0,Medium Risk
5701-SVCWR,0,3.06,0,Low Risk
3129-AAQOU,0,1.61,0,Low Risk
4922-CVPDX,0,6.63,0,Low Risk
1357-BIJKI,0,38.37,0,Medium Risk
1099-BTKWT,0,9.09,0,Low Risk
2018-PZKMU,0,29.81,0,Low Risk
7340-KEFQE,0,0.32,0,Low Risk
4570-QHXHL,0,51.47,1,Medium Risk
7392-YYPYJ,0,70.39,1,High Risk
2223-GDSHL,0,0.46,0,Low Risk
9470-RTWDV,0,4.34,0,Low Risk
2176-OSJUV,0,0.15,0,Low Risk
9348-YVOMK,0,14.48,0,Low Risk
8104-OSKWT,0,30.23,0,Medium Risk
4521-YEEHE,0,40.48,0,Medium Risk
4090-KPJIP,0,54.99,1,Medium Risk
3786-WOVKF,0,7.66,0,Low Risk
2592-HODOV,0,15.0,0,Low Risk
7995-ZHHNZ,0,2.81,0,Low Risk
3824-RHKVR,0,10.19,0,Low Risk
5816-SCGFC,0,19.4,0,Low Risk
5989-AXPUC,0,2.51,0,Low Risk
4979-HPRFL,0,0.06,0,Low Risk
8590-OHDIW,0,0.23,0,Low Risk
8015-IHCGW,0,1.21,0,Low Risk
2332-TODQS,0,0.66,0,Low Risk
9278-VZKCD,0,46.84,0,Medium Risk
8008-OTEZX,0,0.39,0,Low Risk
2773-OVBPK,0,6.15,0,Low Risk
5999-LCXAO,0,20.21,0,Low Risk
5206-XZZQI,0,5.96,0,Low Risk
4803-LBYPN,0,0.72,0,Low Risk
2139-FQHLM,0,22.8,0,Low Risk
8261-GWDBQ,0,4.88,0,Low Risk
1093-YSWCA,0,1.92,0,Low Risk
3882-IYOIJ,0,2.41,0,Low Risk
8749-TZYEC,0,1.05,0,Low Risk
1755-FZQEC,0,2.77,0,Low Risk
3115-JPJDD,0,16.79,0,Low Risk
5600-KTXFM,0,20.49,0,Low Risk
6339-TBELP,0,1.82,0,Low Risk
7964-YESJC,0,26.33,0,Low Risk
6173-GOLSU,0,44.51,0,Medium Risk
9938-ZREHM,0,8.65,0,Low Risk
7950-XWOVN,0,37.41,0,Medium Risk
4647-MUZON,0,73.82,1,High Risk
9702-AIUJO,0,1.02,0,Low Risk
8849-PRIQJ,0,3.78,0,Low Risk
8851-RAGOV,0,20.13,0,Low Risk
5396-IZEPB,0,29.45,0,Low Risk
1729-VLAZJ,0,5.68,0,Low Risk
8285-ABVLB,0,0.7,0,Low Risk
0701-TJSEF,0,44.62,0,Medium Risk
5712-VBOXD,0,50.59,1,Medium Risk
6629-LADHQ,0,32.62,0,Medium Risk
1559-DTODC,0,39.91,0,Medium Risk
4797-MIWUM,0,4.65,0,Low Risk
8720-RQSBJ,0,43.2,0,Medium Risk
4537-CIBHB,0,1.62,0,Low Risk
4324-AHJKS,0,25.61,0,Low Risk
4355-CVPVS,0,4.02,0,Low Risk
4495-LHSSK,0,10.7,0,Low Risk
5915-ANOEI,0,2.11,0,Low Risk
9861-PDSZP,0,8.55,0,Low Risk
7225-CBZPL,0,58.91,1,Medium Risk
6704-UTUKK,0,86.25,1,High Risk
2019-HDCZY,0,22.39,0,Low Risk
8788-DOXSU,0,1.26,0,Low Risk
7404-JLKQG,0,44.66,0,Medium Risk
7421-ZLUPA,0,31.13,0,Medium Risk
3274-NSDWE,0,0.18,0,Low Risk
2632-IVXVF,0,1.36,0,Low Risk
3692-JHONH,0,21.7,0,Low Risk
8915-NNTRC,0,0.72,0,Low Risk
5914-GXMDA,0,2.23,0,Low Risk
7463-IFMQU,0,0.17,0,Low Risk
2920-RNCEZ,0,18.07,0,Low Risk
2541-YGPKE,0,1.41,0,Low Risk
5382-TEMLV,0,9.44,0,Low Risk
3441-CGZJH,0,1.24,0,Low Risk
9592-ERDKV,0,7.81,0,Low Risk
4778-IZARL,0,8.65,0,Low Risk
0432-CAJZV,0,73.63,1,High Risk
7008-LZVOZ,0,0.06,0,Low Risk
1200-TUZHR,0,59.16,1,Medium Risk
9365-CSLBQ,0,0.07,0,Low Risk
5884-FBCTL,0,0.1,0,Low Risk
7130-CTCUS,0,21.11,0,Low Risk
6242-FEGFD,0,2.15,0,Low Risk
6194-HBGQN,0,4.36,0,Low Risk
7634-WSWDB,0,31.23,0,Medium Risk
6986-IXNDM,0,49.67,0,Medium Risk
2987-BJXIK,0,2.26,0,Low Risk
9769-TSBZE,0,0.1,0,Low Risk
1395-WSWXR,0,1.6,0,Low Risk
6023-GSSXW,0,2.15,0,Low Risk
6752-APNJL,0,1.13,0,Low Risk
0420-HLGXF,0,55.64,1,Medium Risk
7446-KQISO,0,6.31,0,Low Risk
9823-EALYC,0,0.09,0,Low Risk
0582-AVCLN,0,0.4,0,Low Risk
5803-NQJZO,0,0.28,0,Low Risk
2607-DHDAK,0,0.01,0,Low Risk
1073-XXCZD,0,0.3,0,Low Risk
0743-HRVFF,0,1.01,0,Low Risk
4006-HKYHO,0,1.09,0,Low Risk
3727-JEZTU,0,7.55,0,Low Risk
8143-ETQTI,0,0.2,0,Low Risk
9667-TKTVZ,0,26.23,0,Low Risk
3657-COGMW,0,33.1,0,Medium Risk
8570-KLJYJ,0,1.79,0,Low Risk
7754-IXRMC,0,11.45,0,Low Risk
9473-CBZOP,0,3.68,0,Low Risk
2969-WGHQO,0,21.16,0,Low Risk
4334-HOWRP,0,1.52,0,Low Risk
5863-OOKCL,0,7.95,0,Low Risk
1686-STUHN,0,0.72,0,Low Risk
1329-VHWNP,0,27.18,0,Low Risk
0266-GMEAO,0,3.48,0,Low Risk
5574-NXZIU,0,5.36,0,Low Risk
0019-GFNTW,0,0.65,0,Low Risk
4256-ZWTZI,0,6.41,0,Low Risk
8309-PPCED,0,13.09,0,Low Risk
4098-NAUKP,0,20.89,0,Low Risk
5196-WPYOW,0,0.18,0,Low Risk
4608-LCIMN,0,17.95,0,Low Risk
1485-YDHMM,0,4.88,0,Low Risk
4054-CUMIA,0,1.69,0,Low Risk
0603-TPMIB,0,0.05,0,Low Risk
2525-GVKQU,0,0.19,0,Low Risk
8161-QYMTT,0,58.53,1,Medium Risk
9581-GVBXT,0,0.15,0,Low Risk
5862-BRIXZ,0,1.96,0,Low Risk
5404-GGUKR,0,25.67,0,Low Risk
3308-JSGML,0,1.53,0,Low Risk
2126-GSEGL,0,3.52,0,Low Risk
0440-QEXBZ,0,24.97,0,Low Risk
2434-EEVDB,0,2.51,0,Low Risk
6762-QVYJO,0,0.26,0,Low Risk
6199-IWKGC,0,18.75,0,Low Risk
2675-DHUTR,0,52.65,1,Medium Risk
8152-VETUR,0,4.11,0,Low Risk
7446-YPODE,0,11.87,0,Low Risk
9522-BNTHX,0,25.72,0,Low Risk
4676-WLUHT,0,0.94,0,Low Risk
7980-MHFLQ,0,0.08,0,Low Risk
0757-WCUUZ,0,0.47,0,Low Risk
1629-DQQVB,0,11.57,0,Low Risk
0374-AACSZ,0,51.96,1,Medium Risk
4872-VXRIL,0,3.5,0,Low Risk
9140-CZQZZ,0,2.52,0,Low Risk
3423-HHXAO,0,0.81,0,Low Risk
9938-TKDGL,0,0.55,0,Low Risk
0531-ZZJWQ,0,31.87,0,Medium Risk
6537-QLGEX,0,28.76,0,Low Risk
2688-BHGOG,0,59.88,1,Medium Risk
3160-TYXLT,0,14.8,0,Low Risk
1325-USMEC,0,14.48,0,Low Risk
0916-QOFDP,0,41.43,0,Medium Risk
5606-AMZBO,0,60.87,1,High Risk
6199-IPCAO,0,0.42,0,Low Risk
5640-CAXOA,0,7.69,0,Low Risk
2235-EZAIK,0,2.02,0,Low Risk
3847-BAERP,0,15.66,0,Low Risk
1453-RZFON,0,7.93,0,Low Risk
8263-OKETD,0,16.43,0,Low Risk
0670-KDOMA,0,14.82,0,Low Risk
2476-YGEFM,0,22.49,0,Low Risk
8687-BAFGU,0,51.0,1,Medium Risk
0641-EVBOJ,0,27.79,0,Low Risk
0829-XXPLX,0,37.94,0,Medium Risk
9974-JFBHQ,0,2.14,0,Low Risk
6624-JDRDS,0,17.71,0,Low Risk
0608-JDVEC,0,1.12,0,Low Risk
9780-FKVVF,0,19.17,0,Low Risk
1919-RTPQD,0,9.02,0,Low Risk
5214-NLTIT,0,1.47,0,Low Risk
3345-PBBFH,0,39.64,0,Medium Risk
5055-BRMNE,0,0.5,0,Low Risk
2190-PHBHR,0,9.35,0,Low Risk
2650-GYRYL,0,0.51,0,Low Risk
5208-FVQKB,0,0.32,0,Low Risk
7184-LRUUR,0,3.46,0,Low Risk
6627-CFOSN,0,26.55,0,Low Risk
3982-JGSFD,0,8.5,0,Low Risk
1574-DYCWE,0,0.27,0,Low Risk
7247-XOZPB,0,4.34,0,Low Risk
2466-FCCPT,0,0.55,0,Low Risk
6211-WWLTF,0,6.65,0,Low Risk
4826-TZEVA,0,11.6,0,Low Risk
6016-NXBNJ,0,1.26,0,Low Risk
9138-EFSMO,0,10.59,0,Low Risk
4632-XJMEX,0,0.21,0,Low Risk
8910-LEDAG,0,34.49,0,Medium Risk
3452-GWUIN,0,51.55,1,Medium Risk
2716-GFZOR,0,15.27,0,Low Risk
3724-UCSHY,0,1.62,0,Low Risk
8626-XHBIE,0,0.29,0,Low Risk
3192-LNKRK,0,8.94,0,Low Risk
4439-YRNVD,0,32.73,0,Medium Risk
2208-UGTGR,0,25.38,0,Low Risk
3005-TYFRD,0,37.08,0,Medium Risk
8670-MEFCP,0,2.2,0,Low Risk
3079-BCHLN,0,0.54,0,Low Risk
7777-UNYHB,0,4.17,0,Low Risk
7278-CKDNC,0,48.33,0,Medium Risk
8450-UYIBU,0,37.53,0,Medium Risk
2969-VAPYH,0,0.54,0,Low Risk
7181-OQCUT,0,68.38,1,High Risk
8474-UMLNT,0,12.12,0,Low Risk
3836-FZSDJ,0,0.46,0,Low Risk
9142-XMYJH,0,4.47,0,Low Risk
0187-QSXOE,0,68.09,1,High Risk
7733-UDMTP,0,24.09,0,Low Risk
2649-HWLYB,0,1.36,0,Low Risk
5214-CHIWJ,0,2.71,0,Low Risk
6904-JLBGY,0,3.77,0,Low Risk
2465-BLLEU,0,24.2,0,Low Risk
1685-VAYJF,0,15.7,0,Low Risk
8874-EJNSR,0,0.37,0,Low Risk
6917-YACBP,0,31.91,0,Medium Risk
5049-MUBWG,0,7.45,0,Low Risk
4223-WOZCM,0,53.48,1,Medium Risk
0769-MURVM,0,0.18,0,Low Risk
9253-VIFJQ,0,1.91,0,Low Risk
7030-FZTFM,0,0.57,0,Low Risk
9741-YLNTD,0,86.13,1,High Risk
5917-RYRMG,0,4.49,0,Low Risk
5120-ZBLAI,0,11.35,0,Low Risk
1194-BHJYC,0,5.19,0,Low Risk
0906-QVPMS,0,2.14,0,Low Risk
1905-OEILC,0,15.81,0,Low Risk
7858-GTZSP,0,63.15,1,High Risk
6248-BSHKG,0,0.11,0,Low Risk
4685-TFLLS,0,1.09,0,Low Risk
3470-BTGQO,0,9.53,0,Low Risk
1209-VFFOC,0,0.29,0,Low Risk
8224-DWCKX,0,49.67,0,Medium Risk
4553-DVPZG,0,60.41,1,High Risk
6917-IAYHD,0,7.2,0,Low Risk
8620-RJPZN,0,11.96,0,Low Risk
7572-KPVKK,0,1.8,0,Low Risk
2642-MAWLJ,0,0.19,0,Low Risk
7103-ZGVNT,0,0.63,0,Low Risk
2027-WKXMW,0,21.96,0,Low Risk
7137-NAXML,0,1.43,0,Low Risk
2428-ZMCTB,0,22.75,0,Low Risk
2961-VNFKL,0,0.34,0,Low Risk
1768-HNVGJ,0,17.62,0,Low Risk
6963-KQYQB,0,0.04,0,Low Risk
5934-RMPOV,0,20.61,0,Low Risk
1207-BLKSA,0,0.27,0,Low Risk
8316-BBQAY,0,1.23,0,Low Risk
1166-PQLGG,0,0.03,0,Low Risk
3146-JTQHR,0,13.63,0,Low Risk
4291-YZODP,0,0.78,0,Low Risk
4395-PZMSN,0,43.69,0,Medium Risk
6427-FEFIG,0,2.55,0,Low Risk
0017-IUDMW,0,0.97,0,Low Risk
8706-HRADD,0,15.76,0,Low Risk
9955-QOPOY,0,2.81,0,Low Risk
4385-ZKVNW,0,1.84,0,Low Risk
5446-DKWYW,0,1.18,0,Low Risk
9031-ZVQPT,0,12.96,0,Low Risk
2990-IAJSV,0,1.55,0,Low Risk
8107-KNCIM,0,64.36,1,High Risk
9027-YFHQJ,0,39.21,0,Medium Risk
5176-LDKUH,0,17.88,0,Low Risk
4644-OBGFZ,0,0.21,0,Low Risk
7926-IJOOU,0,13.17,0,Low Risk
6480-YAGIY,0,8.01,0,Low Risk
4029-HPFVY,0,60.46,1,High Risk
7602-DBTOU,0,0.42,0,Low Risk
5345-BMKWB,0,22.73,0,Low Risk
5457-COLHT,0,0.2,0,Low Risk
5451-YHYPW,0,7.49,0,Low Risk
7998-WNZEM,0,1.01,0,Low Risk
4664-NJCMS,0,6.0,0,Low Risk
0307-BCOPK,0,3.52,0,Low Risk
7629-WFGLW,0,7.53,0,Low Risk
2542-HYGIQ,0,18.62,0,Low Risk
5016-LIPDW,0,0.14,0,Low Risk
6481-LXPWL,0,0.95,0,Low Risk
6124-ACRHJ,0,25.41,0,Low Risk
9362-MWODR,0,1.71,0,Low Risk
9975-GPKZU,0,0.12,0,Low Risk
9625-RZFUK,0,0.06,0,Low Risk
5153-LXKDT,0,1.5,0,Low Risk
5161-UBZXI,0,0.61,0,Low Risk
1020-JPQOW,0,37.43,0,Medium Risk
7919-ZODZZ,0,7.51,0,Low Risk
0565-JUPYD,0,2.12,0,Low Risk
6867-ACCZI,0,1.09,0,Low Risk
5939-XAIXZ,0,21.51,0,Low Risk
9054-FOWNV,0,34.31,0,Medium Risk
8207-VVMYB,0,1.56,0,Low Risk
9732-EQMWY,0,31.47,0,Medium Risk
5269-NRGDP,0,3.86,0,Low Risk
6195-MELTI,0,2.53,0,Low Risk
2121-JAFOM,0,6.3,0,Low Risk
8818-DOPVL,0,39.29,0,Medium Risk
1227-UDMZR,0,3.73,0,Low Risk
5198-HQAEN,0,14.29,0,Low Risk
2167-FQSTQ,0,4.47,0,Low Risk
2819-GWENI,0,0.77,0,Low Risk
3572-UUHRS,0,1.07,0,Low Risk
2692-PFYTJ,0,21.31,0,Low Risk
5955-EPOAZ,0,22.08,0,Low Risk
6821-JPCDC,0,22.3,0,Low Risk
8815-LMFLX,0,12.3,0,Low Risk
9135-HSWOC,0,0.16,0,Low Risk
8582-KRHPJ,0,9.6,0,Low Risk
5811-IWXYM,0,4.37,0,Low Risk
7044-YAACC,0,51.09,1,Medium Risk
8189-XRIKE,0,33.42,0,Medium Risk
1506-YJTYT,0,0.52,0,Low Risk
4123-DVHPH,0,60.63,1,High Risk
2228-BZDEE,0,0.51,0,Low Risk
2789-CZANW,0,1.75,0,Low Risk
7596-LDUXP,0,57.81,1,Medium Risk
3740-RLMVT,0,7.24,0,Low Risk
2192-OZITF,0,1.44,0,Low Risk
5651-CPDND,0,17.06,0,Low Risk
2186-QZEYA,0,14.2,0,Low Risk
1131-ALZWV,0,6.94,0,Low Risk
7729-XBTWX,0,0.08,0,Low Risk
9134-WYRVP,0,7.73,0,Low Risk
3284-SVCRO,0,0.8,0,Low Risk
9732-OUYRN,0,1.54,0,Low Risk
0559-CKHUS,0,4.74,0,Low Risk
2931-SVLTV,0,4.93,0,Low Risk
7504-UWHNB,0,26.82,0,Low Risk
2582-FFFZR,0,28.65,0,Low Risk
8908-NMQTX,0,1.95,0,Low Risk
1431-AIDJQ,0,1.57,0,Low Risk
6288-LBEAR,0,22.55,0,Low Risk
8413-YNHNV,0,0.63,0,Low Risk
5808-TOTXO,0,1.03,0,Low Risk
4369-NYSCF,0,1.84,0,Low Risk
6333-YDVLT,0,12.63,0,Low Risk
5324-KTGCG,0,6.21,0,Low Risk
5599-HVLTW,0,46.96,0,Medium Risk
7394-LWLYN,0,43.2,0,Medium Risk
6873-UDNLD,0,7.22,0,Low Risk
2700-LUEVA,0,17.5,0,Low Risk
0958-YHXGP,0,50.31,1,Medium Risk
1101-SSWAG,0,36.69,0,Medium Risk
5743-KHMNA,0,0.22,0,Low Risk
4194-FJARJ,0,0.48,0,Low Risk
5325-UWTWJ,0,30.75,0,Medium Risk
3969-GYXEL,0,36.27,0,Medium Risk
9208-OLGAQ,0,55.69,1,Medium Risk
3244-CQPHU,0,5.17,0,Low Risk
2674-MLXMN,0,34.59,0,Medium Risk
9708-HPXWZ,0,26.44,0,Low Risk
6992-TKNYO,0,15.86,0,Low Risk
4468-YDOVK,0,29.06,0,Low Risk
5792-JALQC,0,3.0,0,Low Risk
2200-DSAAL,0,3.43,0,Low Risk
4302-ZYFEL,0,0.04,0,Low Risk
9351-LZYGF,0,6.67,0,Low Risk
4366-CTOUZ,0,16.31,0,Low Risk
1518-OMDIK,0,16.6,0,Low Risk
6671-NGWON,0,9.15,0,Low Risk
0595-ITUDF,0,3.61,0,Low Risk
1955-IBMMB,0,0.92,0,Low Risk
0096-BXERS,0,63.38,1,High Risk
3806-YAZOV,0,13.18,0,Low Risk
7998-ZLXWN,0,22.28,0,Low Risk
6253-WRFHY,0,19.62,0,Low Risk
9133-AYJZG,0,52.84,1,Medium Risk
2675-OTVVJ,0,55.8,1,Medium Risk
8680-CGLTP,0,7.08,0,Low Risk
8430-TWCBX,0,1.23,0,Low Risk
5018-GWURO,0,31.57,0,Medium Risk
6741-QRLUP,0,2.18,0,Low Risk
4737-HOBAX,0,1.46,0,Low Risk
0537-QYZZN,0,12.49,0,Low Risk
3340-QBBFM,0,2.47,0,Low Risk
8200-KLNYW,0,9.43,0,Low Risk
3372-CDXFJ,0,1.01,0,Low Risk
4781-ZXYGU,0,18.55,0,Low Risk
7632-YUTXB,0,1.11,0,Low Risk
2718-YSKCS,0,0.06,0,Low Risk
9896-UYMIE,0,15.08,0,Low Risk
0853-NWIFK,0,28.75,0,Low Risk
8212-CRQXP,0,26.27,0,Low Risk
6980-CDGFC,0,1.51,0,Low Risk
7691-XVTZH,0,10.66,0,Low Risk
2520-SGTTA,0,2.27,0,Low Risk
2277-VWCNI,0,32.56,0,Medium Risk
1088-CNNKB,0,3.25,0,Low Risk
1930-BZLHI,0,2.46,0,Low Risk
5868-YTYKS,0,8.21,0,Low Risk
3525-DVKFN,0,3.32,0,Low Risk
1482-OXZSY,0,44.03,0,Medium Risk
0377-JBKKT,0,5.52,0,Low Risk
5778-BVOFB,0,20.32,0,Low Risk
3373-YZZYM,0,5.38,0,Low Risk
0228-MAUWC,0,13.41,0,Low Risk
7663-YJHSN,0,5.54,0,Low Risk
4915-BFSXL,0,0.2,0,Low Risk
3086-RUCRN,0,3.92,0,Low Risk
5215-LNLDJ,0,17.15,0,Low Risk
7576-JMYWV,0,17.38,0,Low Risk
0257-KXZGU,0,2.13,0,Low Risk
1307-ATKGB,0,61.1,1,High Risk
3714-XPXBW,0,11.05,0,Low Risk
1850-AKQEP,0,2.84,0,Low Risk
2824-DXNKN,0,0.42,0,Low Risk
5227-JSCFE,0,0.61,0,Low Risk
0848-ZGQIJ,0,40.16,0,Medium Risk
3621-CHYVB,0,8.36,0,Low Risk
8042-RNLKO,0,1.11,0,Low Risk
5372-FBKBN,0,2.18,0,Low Risk
0420-TXVSG,0,2.54,0,Low Risk
6217-TOWGS,0,63.86,1,High Risk
1045-LTCYT,0,4.09,0,Low Risk
1544-JJMYL,0,5.55,0,Low Risk
4636-JGAAI,0,60.09,1,High Risk
6874-SGLHU,0,41.93,0,Medium Risk
5951-AOFIH,0,24.39,0,Low Risk
3059-NGMXB,0,8.29,0,Low Risk
8652-YHIYU,0,9.71,0,Low Risk
5278-PNYOX,0,11.94,0,Low Risk
3486-HOOGQ,0,0.27,0,Low Risk
5061-PBXFW,0,2.5,0,Low Risk
8630-FJLIB,0,57.76,1,Medium Risk
3891-NLXJB,0,4.62,0,Low Risk
4749-OJKQU,0,66.96,1,High Risk
0577-WHMEV,0,46.09,0,Medium Risk
5453-AXEPF,0,64.72,1,High Risk
3639-XJHKQ,0,9.57,0,Low Risk
3716-LRGXK,0,15.36,0,Low Risk
2263-SFSQZ,0,0.37,0,Low Risk
9950-MTGYX,0,0.77,0,Low Risk
3397-AVTKU,0,5.49,0,Low Risk
4825-FUREZ,0,2.34,0,Low Risk
2672-OJQZP,0,28.24,0,Low Risk
3134-DSHVC,0,1.99,0,Low Risk
7821-DPRQE,0,28.88,0,Low Risk
2001-EWBQU,0,9.03,0,Low Risk
1608-GMEWB,0,28.43,0,Low Risk
6695-AMZUF,0,0.94,0,Low Risk
8410-BGQXN,0,24.52,0,Low Risk
1619-YWUBB,0,0.89,0,Low Risk
7611-YKYTC,0,4.42,0,Low Risk
0365-GXEZS,0,35.18,0,Medium Risk
0082-OQIQY,0,34.74,0,Medium Risk
3606-SBKRY,0,33.96,0,Medium Risk
0667-NSRGI,0,14.54,0,Low Risk
6893-ODYYE,0,4.44,0,Low Risk
8242-JSVBO,0,42.06,0,Medium Risk
9541-ZPSEA,0,0.32,0,Low Risk
2665-NPTGL,0,72.62,1,High Risk
1139-WUOAH,0,15.17,0,Low Risk
4693-VWVBO,0,23.48,0,Low Risk
6937-GCDGQ,0,2.87,0,Low Risk
0988-JRWWP,0,45.19,0,Medium Risk
5075-JSDKI,0,1.02,0,Low Risk
8644-XYTSV,0,24.09,0,Low Risk
3873-WOSBC,0,0.7,0,Low Risk
7465-ZZRVX,0,49.32,0,Medium Risk
7975-JMZNT,0,4.24,0,Low Risk
7251-XFOIL,0,15.32,0,Low Risk
4116-IQRFR,0,1.78,0,Low Risk
8259-DZLIZ,0,3.1,0,Low Risk
0442-ZXKVS,0,13.35,0,Low Risk
7853-WNZSY,0,25.29,0,Low Risk
3120-FAZKD,0,0.09,0,Low Risk
8606-OEGQZ,0,0.19,0,Low Risk
0225-ZORZP,0,48.09,0,Medium Risk
9489-JMTTN,0,0.4,0,Low Risk
0575-CUQOV,0,12.02,0,Low Risk
0967-BMLBD,0,0.71,0,Low Risk
2830-LEWOA,0,3.09,0,Low Risk
5006-MXVRN,0,0.7,0,Low Risk
8327-WKMIE,0,0.86,0,Low Risk
6917-FIJHC,0,0.34,0,Low Risk
5329-KRDTM,0,2.06,0,Low Risk
7797-EJMDP,0,11.0,0,Low Risk
3530-VWVGU,0,0.78,0,Low Risk
6368-NWMCE,0,6.3,0,Low Risk
3633-CDBUW,0,1.18,0,Low Risk
0707-HOVVN,0,2.17,0,Low Risk
3956-MGXOG,0,62.34,1,High Risk
9274-UARKJ,0,48.61,0,Medium Risk
4077-HWUYD,0,0.26,0,Low Risk
0103-CSITQ,0,20.76,0,Low Risk
8671-KKKOS,0,17.05,0,Low Risk
7305-ZWMAJ,0,4.28,0,Low Risk
9518-XXBXE,0,45.42,0,Medium Risk
6578-KRMAW,0,29.03,0,Low Risk
4860-IJUDE,0,29.33,0,Low Risk
9688-YGXVR,0,30.3,0,Medium Risk
0423-UDIJQ,0,26.06,0,Low Risk
1945-XISKS,0,0.17,0,Low Risk
5360-LJCNJ,0,10.37,0,Low Risk
2607-FBDFF,0,24.2,0,Low Risk
1100-DDVRV,0,58.12,1,Medium Risk
6728-WYQBC,0,12.91,0,Low Risk
9029-FEGVJ,0,54.5,1,Medium Risk
7216-KAOID,0,0.84,0,Low Risk
6145-NNPNO,0,59.35,1,Medium Risk
5339-TJFEK,0,27.63,0,Low Risk
2074-GUHPQ,0,5.85,0,Low Risk
4625-XMOYM,0,0.19,0,Low Risk
5827-MWCZK,0,5.97,0,Low Risk
1385-TQOZW,0,16.46,0,Low Risk
5914-XRFQB,0,16.73,0,Low Risk
4329-YPDDQ,0,40.27,0,Medium Risk
4804-NCPET,0,0.97,0,Low Risk
5944-UGLLK,0,4.86,0,Low Risk
7787-BNTZM,0,26.82,0,Low Risk
2252-ISRNH,0,20.14,0,Low Risk
9415-TPKRV,0,9.99,0,Low Risk
5322-TEUJK,0,0.85,0,Low Risk
1866-DIOQZ,0,1.1,0,Low Risk
8375-KVTHK,0,9.12,0,Low Risk
2697-NQBPF,0,69.42,1,High Risk
3709-OIJEA,0,16.21,0,Low Risk
1386-ZIKUV,0,6.75,0,Low Risk
0599-XNYDO,0,63.19,1,High Risk
6377-WHAOX,0,74.12,1,High Risk
6855-VLGOS,0,0.1,0,Low Risk
8999-XXGNS,0,23.35,0,Low Risk
8746-OQQRW,0,31.47,0,Medium Risk
3181-MIZBN,0,6.17,0,Low Risk
0471-ARVMX,0,17.58,0,Low Risk
7766-CLTIC,0,24.57,0,Low Risk
5650-YLIBA,0,65.05,1,High Risk
0825-CPPQH,0,0.32,0,Low Risk
9084-OAYKL,0,0.35,0,Low Risk
6122-LJADA,0,0.33,0,Low Risk
2400-XIWIO,0,6.81,0,Low Risk
7524-VRLPL,0,0.34,0,Low Risk
7569-NMZYQ,0,0.49,0,Low Risk
5201-USSQZ,0,23.72,0,Low Risk
2105-PHWON,0,29.15,0,Low Risk
1494-EJZDW,0,1.92,0,Low Risk
4884-TVUQF,0,3.16,0,Low Risk
8003-EWNDZ,0,26.73,0,Low Risk
1897-RCFUM,0,2.4,0,Low Risk
9256-JTBNZ,0,11.7,0,Low Risk
2211-RMNHO,0,0.54,0,Low Risk
2432-TFSMK,0,32.83,0,Medium Risk
4929-ROART,0,25.46,0,Low Risk
1834-ABKHQ,0,0.76,0,Low Risk
1741-WTPON,0,2.15,0,Low Risk
3932-IJWDZ,0,17.62,0,Low Risk
1240-HCBOH,0,0.31,0,Low Risk
3594-KADLU,0,45.12,0,Medium Risk
8065-BVEPF,0,26.31,0,Low Risk
3796-ENZGF,0,4.08,0,Low Risk
1734-ZMNTZ,0,0.85,0,Low Risk
2853-CWQFQ,0,10.51,0,Low Risk
0813-TAXXS,0,4.73,0,Low Risk
2519-TWKFS,0,1.39,0,Low Risk
0626-QXNGV,0,0.43,0,Low Risk
6723-CEGQI,0,0.44,0,Low Risk
4732-RRJZC,0,9.65,0,Low Risk
9499-XPZXM,0,0.8,0,Low Risk
4338-EYCER,0,21.59,0,Low Risk
3007-FDPEA,0,36.59,0,Medium Risk
6350-XFYGW,0,66.65,1,High Risk
8513-OLYGY,0,4.29,0,Low Risk
0311-QYWSS,0,23.83,0,Low Risk
8705-DWKTI,0,17.99,0,Low Risk
8755-IWJHN,0,36.65,0,Medium Risk
4480-QQRHC,0,72.17,1,High Risk
0929-PECLO,0,25.81,0,Low Risk
3680-CTHUH,0,6.79,0,Low Risk
1202-KKGFU,0,29.06,0,Low Risk
6112-KTHFQ,0,16.05,0,Low Risk
1852-XEMDW,0,14.12,0,Low Risk
1820-DJFPH,0,0.08,0,Low Risk
9426-SXNHE,0,12.52,0,Low Risk
9068-FHQHD,0,0.16,0,Low Risk
1269-FOYWN,0,0.11,0,Low Risk
9470-YFUYI,0,5.39,0,Low Risk
7402-EYFXX,0,69.56,1,High Risk
9895-VFOXH,0,34.65,0,Medium Risk
1230-QAJDW,0,45.57,0,Medium Risk
5701-ZIKJE,0,14.01,0,Low Risk
5032-MIYKT,0,42.27,0,Medium Risk
7396-VJUZB,0,5.16,0,Low Risk
9717-QEBGU,0,63.15,1,High Risk
5172-RKOCB,0,11.18,0,Low Risk
6509-TSGWN,0,0.97,0,Low Risk
3178-CIFOT,0,7.38,0,Low Risk
4530-NDRKU,0,0.56,0,Low Risk
5985-TBABQ,0,15.3,0,Low Risk
9800-ONTFE,0,21.27,0,Low Risk
6743-HHQPF,0,15.7,0,Low Risk
8455-HIRAQ,0,38.32,0,Medium Risk
6616-AALSR,0,0.93,0,Low Risk
9415-ZNBSX,0,0.24,0,Low Risk
4018-KJYUY,0,0.69,0,Low Risk
3884-UEBXB,0,0.25,0,Low Risk
8780-RSYYU,0,6.83,0,Low Risk
5537-UXXVS,0,6.66,0,Low Risk
1791-PQHBB,0,11.85,0,Low Risk
8701-DGLVH,0,4.77,0,Low Risk
8741-LQOBK,0,1.77,0,Low Risk
8082-GHXOP,0,5.1,0,Low Risk
0980-FEXWF,0,1.38,0,Low Risk
3011-WQKSZ,0,1.91,0,Low Risk
8218-FFJDS,0,1.49,0,Low Risk
1986-PHGZF,0,42.58,0,Medium Risk
9360-OMDZZ,0,45.9,0,Medium Risk
0345-XMMUG,0,11.4,0,Low Risk
8024-XNAFQ,0,3.18,0,Low Risk
2988-GBIVW,0,23.44,0,Low Risk
2832-SCUCO,0,23.1,0,Low Risk
7036-ZZKBD,0,7.82,0,Low Risk
0265-PSUAE,0,40.07,0,Medium Risk
0463-TXOAK,0,0.11,0,Low Risk
0594-UFTUL,0,13.37,0,Low Risk
9509-MPYOD,0,0.64,0,Low Risk
9128-CPXKI,0,6.21,0,Low Risk
0129-KPTWJ,0,21.35,0,Low Risk
5855-EIBDE,0,15.71,0,Low Risk
5365-LLFYV,0,34.74,0,Medium Risk
5956-YHHRX,0,58.55,1,Medium Risk
6008-NAIXK,0,10.69,0,Low Risk
1928-BXYIV,0,23.59,0,Low Risk
5760-FXFVO,0,82.94,1,High Risk
0961-ZWLVI,0,4.64,0,Low Risk
5181-OABFK,0,0.66,0,Low Risk
4007-NHVHI,0,25.0,0,Low Risk
7816-VGHTO,0,8.02,0,Low Risk
5871-DGTXZ,0,1.95,0,Low Risk
7550-WIQVA,0,4.18,0,Low Risk
7544-ZVIKX,0,4.92,0,Low Risk
0016-QLJIS,0,0.43,0,Low Risk
7508-DQAKK,0,0.58,0,Low Risk
5176-OLSKT,0,1.34,0,Low Risk
9356-AXGMP,0,25.76,0,Low Risk
3556-BVQGL,0,5.4,0,Low Risk
8979-CAMGB,0,9.69,0,Low Risk
7581-EBBOU,0,1.67,0,Low Risk
5073-RZGBK,0,1.02,0,Low Risk
2192-CKRLV,0,3.94,0,Low Risk
3154-HMWUU,0,1.05,0,Low Risk
6119-SPUDB,0,2.73,0,Low Risk
6522-OIQSX,0,0.31,0,Low Risk
7813-ZGGAW,0,35.47,0,Medium Risk
8748-HFWBO,0,1.39,0,Low Risk
1052-QJIBV,0,0.04,0,Low Risk
1319-YLZJG,0,61.44,1,High Risk
0723-FDLAY,0,6.07,0,Low Risk
3050-RLLXC,0,0.23,0,Low Risk
9298-WGMRW,0,4.19,0,Low Risk
3088-LHEFH,0,30.76,0,Medium Risk
6583-KQJLK,0,48.38,0,Medium Risk
8544-JNBOX,0,0.27,0,Low Risk
6681-ZSEXG,0,3.76,0,Low Risk
6139-ZZRBQ,0,0.39,0,Low Risk
6116-RFVHN,0,58.9,1,Medium Risk
8884-FEEWR,0,0.94,0,Low Risk
3125-RAHBV,0,2.61,0,Low Risk
0373-AIVNJ,0,27.57,0,Low Risk
1682-VCOIO,0,3.44,0,Low Risk
2072-ZVJJX,0,0.82,0,Low Risk
8849-AYPTR,0,72.15,1,High Risk
9518-IMLHK,0,13.02,0,Low Risk
3646-ITDGM,0,0.57,0,Low Risk
3569-VLDHH,0,0.9,0,Low Risk
8224-KDLKN,0,0.09,0,Low Risk
7594-LZNWR,0,23.96,0,Low Risk
4001-TSBTV,0,15.16,0,Low Risk
8727-XDPUD,0,7.89,0,Low Risk
1043-UXOVO,0,4.05,0,Low Risk
1064-FBXNK,0,4.61,0,Low Risk
3996-ZNWYK,0,0.04,0,Low Risk
2878-DHMIN,0,0.81,0,Low Risk
7762-ONLJY,0,2.33,0,Low Risk
5795-BKOYE,0,0.63,0,Low Risk
7402-PWYJJ,0,25.16,0,Low Risk
0018-NYROU,0,67.82,1,High Risk
7501-VTYLJ,0,9.18,0,Low Risk
7608-RGIRO,0,0.1,0,Low Risk
0480-BIXDE,0,70.77,1,High Risk
5895-QSXOD,0,28.82,0,Low Risk
9814-AOUDH,0,0.41,0,Low Risk
6175-IRFIT,0,67.67,1,High Risk
8760-ZRHKE,0,0.47,0,Low Risk
1622-HSHSF,0,13.87,0,Low Risk
6749-UTDVX,0,7.57,0,Low Risk
5542-DHSXL,0,27.29,0,Low Risk
9102-OXKFY,0,1.12,0,Low Risk
5216-WASFJ,0,76.66,1,High Risk
7808-DVWEP,0,20.09,0,Low Risk
2284-VFLKH,0,23.39,0,Low Risk
0366-NQSHS,0,14.58,0,Low Risk
3807-BPOMJ,0,34.1,0,Medium Risk
3892-NXAZG,0,0.55,0,Low Risk
4948-WBBKL,0,58.63,1,Medium Risk
4182-BGSIQ,0,1.95,0,Low Risk
0988-AADSA,0,0.17,0,Low Risk
9972-NKTFD,0,8.98,0,Low Risk
3717-LNXKW,0,19.5,0,Low Risk
5734-EJKXG,0,10.07,0,Low Risk
2207-RYYRL,0,0.15,0,Low Risk
6729-FZWSY,0,0.5,0,Low Risk
9695-IDRZR,0,1.28,0,Low Risk
8144-DGHXP,0,2.3,0,Low Risk
7814-LEEVE,0,32.97,0,Medium Risk
8631-WUXGY,0,9.3,0,Low Risk
5906-DVAPM,0,0.26,0,Low Risk
6654-QGBZZ,0,28.37,0,Low Risk
8348-JLBUG,0,3.64,0,Low Risk
5641-DMBFJ,0,1.89,0,Low Risk
9200-NLNPD,0,11.43,0,Low Risk
2664-XJZNO,0,0.4,0,Low Risk
3339-EAQNV,0,18.48,0,Low Risk
0921-OHLVP,0,38.25,0,Medium Risk
8350-NYMVI,0,6.29,0,Low Risk
1600-DILPE,0,22.79,0,Low Risk
0536-ESJEP,0,4.27,0,Low Risk
4654-GGUII,0,7.07,0,Low Risk
6478-HRRCZ,0,2.35,0,Low Risk
8510-BBWMU,0,2.27,0,Low Risk
6857-TKDJV,0,0.26,0,Low Risk
2360-RDGRO,0,37.18,0,Medium Risk
0584-BJQGZ,0,16.76,0,Low Risk
1360-XFJMR,0,15.25,0,Low Risk
5730-RIITO,0,18.15,0,Low Risk
9058-MJLZC,0,40.68,0,Medium Risk
0902-XKXPN,0,0.04,0,Low Risk
5177-RVZNU,0,0.39,0,Low Risk
0056-EPFBG,0,0.95,0,Low Risk
8993-IZEUX,0,61.24,1,High Risk
8190-ZTQFB,0,18.88,0,Low Risk
0931-MHTEM,0,6.63,0,Low Risk
7515-LODFU,0,0.39,0,Low Risk
0440-UEDAI,0,8.36,0,Low Risk
1337-BOZWO,0,2.46,0,Low Risk
0868-VJRDR,0,11.88,0,Low Risk
6344-SFJVH,0,19.42,0,Low Risk
3950-VPYJB,0,0.2,0,Low Risk
8041-TMEID,0,18.18,0,Low Risk
7321-ZNSLA,0,1.57,0,Low Risk
6941-KXRRV,0,6.56,0,Low Risk
8727-JQFHV,0,0.19,0,Low Risk
9475-NNDGC,0,19.72,0,Low Risk
1355-KUSBG,0,14.46,0,Low Risk
3688-FTHLT,0,40.62,0,Medium Risk
0899-LIIBW,0,36.89,0,Medium Risk
1384-RCUXW,0,34.34,0,Medium Risk
5825-XJOCM,0,0.64,0,Low Risk
6848-YLDFR,0,0.96,0,Low Risk
8125-QPFJD,0,2.97,0,Low Risk
2320-YKQBO,0,6.49,0,Low Risk
4973-RLZVI,0,1.96,0,Low Risk
7869-ZYDST,0,23.17,0,Low Risk
4501-UYKBC,0,11.86,0,Low Risk
1215-EXRMO,0,0.77,0,Low Risk
2305-MRGLV,0,16.78,0,Low Risk
8404-VIOMB,0,1.56,0,Low Risk
2359-KLTEK,0,5.84,0,Low Risk
5304-EFJLP,0,3.13,0,Low Risk
2673-ZALNP,0,9.78,0,Low Risk
9184-GALIL,0,0.87,0,Low Risk
4393-RYCRE,0,14.96,0,Low Risk
9746-MDMBK,0,3.28,0,Low Risk
3162-ZJZFU,0,11.05,0,Low Risk
8404-GFGCZ,0,38.04,0,Medium Risk
8875-AKBYH,0,45.9,0,Medium Risk
0533-UCAAU,0,4.99,0,Low Risk
1394-SUIUH,0,10.88,0,Low Risk
3521-MNKLV,0,22.7,0,Low Risk
2533-TIBIX,0,20.28,0,Low Risk
5092-STPKP,0,9.73,0,Low Risk
0114-PEGZZ,0,43.78,0,Medium Risk
3359-DSRKA,0,0.07,0,Low Risk
8639-NHQEI,0,1.91,0,Low Risk
7161-DFHUF,0,0.56,0,Low Risk
3720-DBRWL,0,0.8,0,Low Risk
8565-WUXZU,0,1.77,0,Low Risk
4994-OBRSZ,0,0.29,0,Low Risk
0562-FGDCR,0,0.33,0,Low Risk
2436-QBZFP,0,4.87,0,Low Risk
3420-YJLQT,0,65.32,1,High Risk
6040-CGACY,0,14.21,0,Low Risk
6582-PLFUU,0,0.06,0,Low Risk
8242-PDSGJ,0,0.96,0,Low Risk
0264-CNITK,0,0.04,0,Low Risk
0089-IIQKO,0,9.79,0,Low Risk
7839-NUIAA,0,0.82,0,Low Risk
6075-QMNRR,0,5.3,0,Low Risk
5966-EMAZU,0,33.53,0,Medium Risk
0440-EKDCF,0,0.63,0,Low Risk
4774-HHGGS,0,1.54,0,Low Risk
2055-BFOCC,0,4.51,0,Low Risk
8180-AKMJV,0,24.98,0,Low Risk
4298-OYIFC,0,45.77,0,Medium Risk
5566-SOEZD,0,1.44,0,Low Risk
9842-EFSYY,0,12.45,0,Low Risk
2272-WUSPA,0,8.78,0,Low Risk
4584-LBNMK,0,1.56,0,Low Risk
3898-GUYTS,0,29.39,0,Low Risk
0930-EHUZA,0,2.43,0,Low Risk
9975-SKRNR,0,23.39,0,Low Risk
3703-KBKZP,0,37.32,0,Medium Risk
4973-MGTON,0,1.31,0,Low Risk
3682-YEUWS,0,2.76,0,Low Risk
1223-UNPKS,0,1.2,0,Low Risk
3446-QDSZF,0,44.28,0,Medium Risk
5117-IFGPS,0,59.39,1,Medium Risk
7379-FNIUJ,0,38.19,0,Medium Risk
1627-AFWVJ,0,4.56,0,Low Risk
4486-EFAEB,0,30.71,0,Medium Risk
0060-FUALY,0,33.15,0,Medium Risk
6954-OOYZZ,0,34.15,0,Medium Risk
7088-FBAWU,0,11.69,0,Low Risk
8313-AFGBW,0,5.69,0,Low Risk
3097-IDVPU,0,6.38,0,Low Risk
2197-OMWGI,0,1.17,0,Low Risk
2303-PJYHN,0,23.03,0,Low Risk
9795-VOWON,0,45.01,0,Medium Risk
1237-WIYYZ,0,16.26,0,Low Risk
1987-AUELQ,0,0.33,0,Low Risk
7852-LECYP,0,39.02,0,Medium Risk
4822-LPTYJ,0,7.81,0,Low Risk
8165-CBKXO,0,0.68,0,Low Risk
6527-PZFPV,0,1.91,0,Low Risk
9593-CVZKR,0,0.25,0,Low Risk
8595-SIZNC,0,4.97,0,Low Risk
5236-XMZJY,0,7.95,0,Low Risk
4827-DPADN,0,0.69,0,Low Risk
2694-CIUMO,0,60.86,1,High Risk
5846-ABOBJ,0,0.23,0,Low Risk
1439-LCGVL,0,4.29,0,Low Risk
0909-SDHNU,0,5.81,0,Low Risk
4647-XXZAM,0,12.38,0,Low Risk
7740-KKCXF,0,14.07,0,Low Risk
5360-XGYAZ,0,0.25,0,Low Risk
3557-HTYWR,0,2.09,0,Low Risk
8920-NAVAY,0,17.26,0,Low Risk
1699-TLDLZ,0,0.67,0,Low Risk
5600-PDUJF,0,23.49,0,Low Risk
0567-XRHCU,0,0.33,0,Low Risk
2067-QYTCF,0,39.64,0,Medium Risk
7407-SUJIZ,0,7.77,0,Low Risk
9150-KPBJQ,0,7.87,0,Low Risk
0052-DCKON,0,8.4,0,Low Risk
3654-ARMGP,0,2.1,0,Low Risk
9699-UBQFS,0,37.14,0,Medium Risk
9367-TCUYN,0,15.2,0,Low Risk
1261-FWTTE,0,37.41,0,Medium Risk
3528-HFRIQ,0,7.07,0,Low Risk
0708-SJDIS,0,16.1,0,Low Risk
2073-QBVBI,0,3.52,0,Low Risk
6928-ONTRW,0,0.02,0,Low Risk
3320-VEOYC,0,59.07,1,Medium Risk
5231-FIQPA,0,0.45,0,Low Risk
6617-WLBQC,0,1.11,0,Low Risk
2599-CIPQE,0,0.21,0,Low Risk
8774-GSBUN,0,0.12,0,Low Risk
7326-RIGQZ,0,29.56,0,Low Risk
1401-FTHFQ,0,1.42,0,Low Risk
0254-FNMCI,0,1.38,0,Low Risk
1848-LBZHY,0,18.47,0,Low Risk
8118-TJAFG,0,11.65,0,Low Risk
5429-LWCMV,0,39.18,0,Medium Risk
7298-IZWLY,0,9.69,0,Low Risk
9758-MFWGD,0,0.56,0,Low Risk
3955-JBZZM,0,51.95,1,Medium Risk
4815-TUMEQ,0,18.5,0,Low Risk
9909-IDLEK,0,18.33,0,Low Risk
4092-OFQZS,0,1.34,0,Low Risk
1561-BWHIN,0,0.77,0,Low Risk
9927-DSWDF,0,30.45,0,Medium Risk
9500-LTVBP,0,9.59,0,Low Risk
7252-NTGSS,0,26.19,0,Low Risk
8149-AIQCG,0,16.55,0,Low Risk
1360-JYXKQ,0,15.76,0,Low Risk
0899-WZRSD,0,42.11,0,Medium Risk
3255-GRXMG,0,2.36,0,Low Risk
4828-FAZPK,0,22.17,0,Low Risk
6094-ZIVKX,0,1.4,0,Low Risk
6925-BAYGL,0,1.65,0,Low Risk
3262-EIDHV,0,0.27,0,Low Risk
7354-OIJLX,0,69.88,1,High Risk
1376-HHBDV,0,9.34,0,Low Risk
6133-OZILE,0,41.11,0,Medium Risk
4135-FRWKJ,0,0.43,0,Low Risk
6551-ZCOTS,0,5.54,0,Low Risk
7191-ADRGF,0,6.54,0,Low Risk
5018-LXQQG,0,2.56,0,Low Risk
6892-BOGQE,0,0.22,0,Low Risk
1746-TGTWV,0,37.49,0,Medium Risk
5995-SNNEW,0,70.87,1,High Risk
8050-WYBND,0,6.0,0,Low Risk
2821-WARNZ,0,0.22,0,Low Risk
4879-GZLFH,0,33.99,0,Medium Risk
8314-HTWVE,0,0.71,0,Low Risk
9402-ROUMJ,0,3.9,0,Low Risk
2507-QZPQS,0,20.83,0,Low Risk
7159-NOKYQ,0,12.72,0,Low Risk
5707-ZMDJP,0,0.25,0,Low Risk
8779-YIQQA,0,2.6,0,Low Risk
7136-IHZJA,0,1.21,0,Low Risk
8966-OIQHG,0,3.1,0,Low Risk
7074-STDCN,0,12.29,0,Low Risk
8739-QOTTN,0,14.27,0,Low Risk
1399-OUPJN,0,0.24,0,Low Risk
0277-BKSQP,0,26.05,0,Low Risk
5774-XZTQC,0,3.73,0,Low Risk
2676-SSLTO,0,6.13,0,Low Risk
6266-QHOJZ,0,14.25,0,Low Risk
7269-JISCY,0,1.61,0,Low Risk
0363-SVHYR,0,0.2,0,Low Risk
8547-NSBBO,0,22.22,0,Low Risk
6591-QGOYB,0,25.67,0,Low Risk
9070-BCKQP,0,3.86,0,Low Risk
6421-SZVEM,0,4.83,0,Low Risk
1328-EUZHC,0,1.06,0,Low Risk
8878-RYUKI,0,17.99,0,Low Risk
9633-DENPU,0,27.91,0,Low Risk
7811-JIVPF,0,26.9,0,Low Risk
7113-HIPFI,0,0.12,0,Low Risk
8541-QVFKM,0,91.02,1,High Risk
9258-CNWAC,0,1.44,0,Low Risk
5371-VYLSX,0,32.99,0,Medium Risk
6374-AFWOX,0,1.2,0,Low Risk
5317-FLPJF,0,1.62,0,Low Risk
7621-VPNET,0,12.45,0,Low Risk
6034-YMTOB,0,44.87,0,Medium Risk
4903-CNOZC,0,5.22,0,Low Risk
4353-HYOJD,0,5.97,0,Low Risk
7267-FRMJW,0,0.65,0,Low Risk
4188-FRABG,0,32.42,0,Medium Risk
4128-ETESU,0,43.7,0,Medium Risk
0620-DLSLK,0,57.53,1,Medium Risk
3850-OKINF,0,1.77,0,Low Risk
1156-ZFYDO,0,15.68,0,Low Risk
3295-YVUSR,0,67.49,1,High Risk
8016-NCFVO,0,34.47,0,Medium Risk
4119-ZYPZY,0,16.49,0,Low Risk
5549-ZGHFB,0,0.21,0,Low Risk
7577-SWIFR,0,89.11,1,High Risk
0303-WMMRN,0,30.16,0,Medium Risk
6408-OTUBZ,0,10.07,0,Low Risk
5204-HMGYF,0,0.4,0,Low Risk
1078-TDCRN,0,62.66,1,High Risk
3727-OVPRY,0,0.08,0,Low Risk
3797-FKOGQ,0,18.45,0,Low Risk
7622-NXQZR,0,28.14,0,Low Risk
6196-HBOBZ,0,14.67,0,Low Risk
3970-XGJDU,0,0.13,0,Low Risk
7017-VFULY,0,24.54,0,Low Risk
5562-YJQGT,0,21.19,0,Low Risk
8807-OPMBM,0,0.13,0,Low Risk
5439-WIKXB,0,46.81,0,Medium Risk
8294-UIMBA,0,15.68,0,Low Risk
8109-YUOHE,0,7.92,0,Low Risk
5840-NVDCG,0,1.19,0,Low Risk
8092-NLTGF,0,0.37,0,Low Risk
5928-QLDHB,0,56.51,1,Medium Risk
9840-EFJQB,0,59.07,1,Medium Risk
0696-UKTOX,0,4.68,0,Low Risk
4801-KFYKL,0,3.12,0,Low Risk
3472-OAOOR,0,21.75,0,Low Risk
6135-OZQVA,0,60.16,1,High Risk
2252-JHJGE,0,21.37,0,Low Risk
4188-PCPIG,0,1.08,0,Low Risk
7105-BENQF,0,4.32,0,Low Risk
7721-DVEKZ,0,14.17,0,Low Risk
3566-VVORZ,0,11.58,0,Low Risk
9507-HSMMZ,0,0.59,0,Low Risk
2480-SQIOB,0,6.59,0,Low Risk
7813-TKCVO,0,2.09,0,Low Risk
0128-MKWSG,0,7.36,0,Low Risk
4350-ZTLPI,0,18.24,0,Low Risk
0361-HJRDX,0,1.77,0,Low Risk
5727-MYATE,0,0.1,0,Low Risk
3823-KYNQY,0,3.47,0,Low Risk
7570-WELNY,0,6.56,0,Low Risk
3021-VLNRJ,0,0.22,0,Low Risk
2080-CAZNM,0,40.6,0,Medium Risk
1028-FFNJK,0,61.6,1,High Risk
6907-FLBER,0,27.8,0,Low Risk
3001-UNBTL,0,19.12,0,Low Risk
5982-PSMKW,0,6.32,0,Low Risk
3507-GASNP,0,0.08,0,Low Risk
7096-ZNBZI,0,0.09,0,Low Risk
1676-MQAOA,0,1.86,0,Low Risk
0786-IVLAW,0,3.84,0,Low Risk
7566-DSRLQ,0,7.22,0,Low Risk
7245-JMTTQ,0,15.62,0,Low Risk
6050-IJRHS,0,2.88,0,Low Risk
6202-JVYEU,0,14.76,0,Low Risk
8591-TKMZH,0,1.98,0,Low Risk
0734-OXWBT,0,9.73,0,Low Risk
4282-ACRXS,0,37.89,0,Medium Risk
0365-TRTPY,0,16.73,0,Low Risk
7349-ALMUX,0,1.38,0,Low Risk
6502-KUGLL,0,7.15,0,Low Risk
1841-YSJGV,0,7.47,0,Low Risk
3511-BFTJW,0,0.07,0,Low Risk
7668-XCFYV,0,71.91,1,High Risk
5018-HEKFO,0,38.75,0,Medium Risk
2923-ARZLG,0,1.51,0,Low Risk
3976-NLDEZ,0,18.92,0,Low Risk
2282-YGNOR,0,4.86,0,Low Risk
5336-UFNZP,0,6.79,0,Low Risk
6854-EXGSF,0,19.73,0,Low Risk
1241-EZFMJ,0,0.94,0,Low Risk
9233-PSYHO,0,28.8,0,Low Risk
5376-PCKNB,0,5.06,0,Low Risk
8044-BGWPI,0,7.21,0,Low Risk
4060-LDNLU,0,50.04,1,Medium Risk
3589-PPVKW,0,39.95,0,Medium Risk
5887-IKKYO,0,1.88,0,Low Risk
1755-RMCXH,0,26.4,0,Low Risk
3858-XHYJO,0,9.78,0,Low Risk
4299-SIMNS,0,36.43,0,Medium Risk
7025-IWFHT,0,5.89,0,Low Risk
6261-LHRTG,0,5.97,0,Low Risk
7841-FCRQD,0,13.23,0,Low Risk
2056-EVGZL,0,0.96,0,Low Risk
8777-MBMTS,0,3.72,0,Low Risk
7753-USQYQ,0,5.92,0,Low Risk
7661-CPURM,0,32.3,0,Medium Risk
6233-HXJMX,0,55.05,1,Medium Risk
5902-WBLSE,0,0.11,0,Low Risk
3239-TPHPZ,0,11.98,0,Low Risk
5115-GZDEL,0,0.05,0,Low Risk
3338-CVVEH,0,59.8,1,Medium Risk
2615-YVMYX,0,37.72,0,Medium Risk
2851-STERV,0,4.93,0,Low Risk
4393-GEADV,0,1.22,0,Low Risk
8486-AYEQH,0,68.98,1,High Risk
5419-JKZNQ,0,24.94,0,Low Risk
2495-KZNFB,0,31.41,0,Medium Risk
1409-PHXTF,0,11.27,0,Low Risk
4560-WQAQW,0,3.1,0,Low Risk
9591-YVTEB,0,7.77,0,Low Risk
9309-BZGNT,0,1.2,0,Low Risk
4274-DRSQT,0,7.83,0,Low Risk
2027-DNKIV,0,0.97,0,Low Risk
8075-GXIUB,0,7.01,0,Low Risk
2885-HIJDH,0,0.26,0,Low Risk
5424-RLQLC,0,36.04,0,Medium Risk
6507-DTJZV,0,22.47,0,Low Risk
7673-BQGKU,0,0.21,0,Low Risk
6723-WSNTY,0,31.84,0,Medium Risk
2725-IWWBA,0,0.97,0,Low Risk
1061-PNTHC,0,6.48,0,Low Risk
0394-YONDK,0,0.05,0,Low Risk
6574-MCOEH,0,4.05,0,Low Risk
7399-QHBJS,0,0.08,0,Low Risk
0997-YTLNY,0,4.89,0,Low Risk
9479-HYNYL,0,1.0,0,Low Risk
9708-KFDBY,0,17.17,0,Low Risk
3642-GKTCT,0,28.36,0,Low Risk
0774-RMNUW,0,0.38,0,Low Risk
1334-PDUKM,0,21.78,0,Low Risk
0756-MPZRL,0,9.57,0,Low Risk
2242-MFOTG,0,9.96,0,Low Risk
2927-CVULT,0,0.64,0,Low Risk
2144-BFDSO,0,30.52,0,Medium Risk
8745-PVESG,0,1.73,0,Low Risk
7647-GYYKX,0,0.18,0,Low Risk
5647-FXOTP,0,30.17,0,Medium Risk
9700-ISPUP,0,15.41,0,Low Risk
9839-ETQOE,0,1.41,0,Low Risk
6078-VESFR,0,29.86,0,Low Risk
9027-TMATR,0,2.36,0,Low Risk
1941-HOSAM,0,55.73,1,Medium Risk
9110-HSGTV,0,1.51,0,Low Risk
0704-VCUMB,0,1.03,0,Low Risk
6171-ZTVYB,0,18.74,0,Low Risk
1935-IMVBB,0,29.89,0,Low Risk
2535-PBCGC,0,5.3,0,Low Risk
1470-PSXNM,0,15.0,0,Low Risk
2498-XLDZR,0,1.01,0,Low Risk
9866-OCCKE,0,13.4,0,Low Risk
5338-YHWYT,0,0.26,0,Low Risk
7718-UPSKJ,0,13.11,0,Low Risk
8731-WBBMB,0,26.49,0,Low Risk
1448-CYWKC,0,9.58,0,Low Risk
7901-IIDQV,0,9.51,0,Low Risk
2690-DVRVK,0,5.6,0,Low Risk
1270-XKUCC,0,0.59,0,Low Risk
0334-ZFJSR,0,3.6,0,Low Risk
5583-EJXRD,0,0.74,0,Low Risk
4565-EVZMJ,0,4.5,0,Low Risk
3327-YBAKM,0,8.73,0,Low Risk
9441-QHEVC,0,20.66,0,Low Risk
6705-LNMDD,0,32.3,0,Medium Risk
2580-ASVVY,0,5.15,0,Low Risk
3370-GQEAL,0,26.89,0,Low Risk
5032-USPKF,0,4.6,0,Low Risk
4254-QPEDE,0,3.05,0,Low Risk
6283-GITPX,0,0.17,0,Low Risk
0771-CHWSK,0,0.38,0,Low Risk
9788-HNGUT,0,5.64,0,Low Risk
9495-REDIY,0,2.87,0,Low Risk
5375-XLDOF,0,0.74,0,Low Risk
1172-VIYBP,0,0.13,0,Low Risk
6559-PDZLR,0,54.44,1,Medium Risk
8992-OBVDG,0,25.21,0,Low Risk
4273-MBHYA,0,37.15,0,Medium Risk
4724-WXVWF,0,25.68,0,Low Risk
5701-GUXDC,0,5.15,0,Low Risk
1460-UZPRJ,0,1.3,0,Low Risk
6082-GLJIX,0,14.55,0,Low Risk
2495-TTHBQ,0,1.72,0,Low Risk
0485-ZBSLN,0,0.04,0,Low Risk
3810-PJUHR,0,0.03,0,Low Risk
0847-HGRML,0,0.25,0,Low Risk
8232-CTLKO,0,1.34,0,Low Risk
9227-YBAXE,0,0.29,0,Low Risk
9860-LISIZ,0,3.85,0,Low Risk
0112-QAWRZ,0,11.18,0,Low Risk
2786-GCDPI,0,26.95,0,Low Risk
4043-MKDTV,0,6.42,0,Low Risk
9229-RQABD,0,4.8,0,Low Risk
8313-KTIHG,0,25.73,0,Low Risk
5320-BRKGK,0,0.38,0,Low Risk
6284-KMNUF,0,18.54,0,Low Risk
6229-UOLQL,0,1.81,0,Low Risk
3137-LUPIX,0,31.3,0,Medium Risk
6143-JQKEA,0,45.65,0,Medium Risk
8676-OOQEJ,0,32.65,0,Medium Risk
9701-CDXHR,0,38.14,0,Medium Risk
8124-NZVGJ,0,33.27,0,Medium Risk
2162-FRZAA,0,0.12,0,Low Risk
5118-MUEYH,0,20.73,0,Low Risk
5627-TVBPP,0,0.29,0,Low Risk
3936-QQFLL,0,15.48,0,Low Risk
2589-AYCRP,0,0.93,0,Low Risk
4067-HLYQI,0,39.74,0,Medium Risk
5124-EOGYE,0,1.4,0,Low Risk
5057-RKGLH,0,0.66,0,Low Risk
0292-WEGCH,0,3.88,0,Low Risk
8910-ICHIU,0,4.76,0,Low Risk
4097-YODCF,0,16.77,0,Low Risk
9715-WZCLW,0,1.72,0,Low Risk
9786-YWNHU,0,0.05,0,Low Risk
6407-GSJNL,0,0.87,0,Low Risk
4049-ZPALD,0,4.69,0,Low Risk
3733-UOCWF,0,4.04,0,Low Risk
6833-JMZYP,0,38.57,0,Medium Risk
1310-QRITU,0,19.68,0,Low Risk
8961-QDZZJ,0,3.95,0,Low Risk
9715-SBVSU,0,0.89,0,Low Risk
8490-BXHEO,0,54.21,1,Medium Risk
7173-TETGO,0,3.18,0,Low Risk
7929-SKFGK,0,5.14,0,Low Risk
2300-RQGOI,0,0.82,0,Low Risk
3563-SVYLG,0,0.06,0,Low Risk
6435-VWCCY,0,7.91,0,Low Risk
4998-IKFSE,0,53.04,1,Medium Risk
8630-QSGXK,0,3.93,0,Low Risk
2455-USLMV,0,30.93,0,Medium Risk
9488-FVZCC,0,0.14,0,Low Risk
5995-WWKKG,0,27.23,0,Low Risk
7879-CGSFV,0,14.2,0,Low Risk
9921-EZKBY,0,14.73,0,Low Risk
7432-FFVAR,0,1.21,0,Low Risk
7246-ZGQDF,0,5.95,0,Low Risk
4456-RHSNB,0,17.19,0,Low Risk
2481-SBOYW,0,0.08,0,Low Risk
7109-MFBYV,0,15.1,0,Low Risk
1833-TCXKK,0,61.98,1,High Risk
1832-PEUTS,0,2.61,0,Low Risk
8660-BUETV,0,14.21,0,Low Risk
0580-PIQHM,0,3.67,0,Low Risk
5696-CEIQJ,0,0.42,0,Low Risk
1696-HXOWK,0,9.65,0,Low Risk
3026-ATZYV,0,0.89,0,Low Risk
4012-YCFAI,0,1.02,0,Low Risk
9970-QBCDA,0,19.15,0,Low Risk
9496-IVVRP,0,2.98,0,Low Risk
2657-VPXTA,0,36.82,0,Medium Risk
6551-VLJMV,0,1.13,0,Low Risk
1221-GHZEP,0,0.98,0,Low Risk
9289-LBQVU,0,2.82,0,Low Risk
3458-IDMFK,0,3.77,0,Low Risk
6933-FHBZC,0,7.08,0,Low Risk
0221-NAUXK,0,1.01,0,Low Risk
9770-KXGQU,0,9.01,0,Low Risk
6538-POCHL,0,15.71,0,Low Risk
6726-NNFWD,0,2.48,0,Low Risk
3002-WQZWT,0,56.6,1,Medium Risk
4277-UDIEF,0,3.58,0,Low Risk
1208-NBVFH,0,10.02,0,Low Risk
4912-PIGUY,0,78.67,1,High Risk
2725-TTRIQ,0,0.12,0,Low Risk
3374-TTZTK,0,7.31,0,Low Risk
8990-ZXLSU,0,50.63,1,Medium Risk
2275-RBYQS,0,29.9,0,Low Risk
4419-UJMUS,0,2.61,0,Low Risk
7794-JASDG,0,17.94,0,Low Risk
7609-YBPXG,0,0.99,0,Low Risk
5519-TEEUH,0,0.23,0,Low Risk
7856-GANIL,0,9.06,0,Low Risk
0804-XBFBV,0,29.46,0,Low Risk
2676-OXPPQ,0,12.09,0,Low Risk
3703-TTEPD,0,5.08,0,Low Risk
2799-TSLAG,0,0.05,0,Low Risk
2208-NKVVH,0,0.48,0,Low Risk
7139-JZFVG,0,0.4,0,Low Risk
4987-GQWPO,0,44.96,0,Medium Risk
1757-TCATG,0,0.66,0,Low Risk
4776-XSKYQ,0,2.31,0,Low Risk
8048-DSDFQ,0,17.0,0,Low Risk
5753-QQWPW,0,6.18,0,Low Risk
6010-DDPPW,0,0.46,0,Low Risk
6693-FRIRW,0,28.64,0,Low Risk
6586-MYGKD,0,1.71,0,Low Risk
3173-NVMPX,0,9.16,0,Low Risk
0248-PGHBZ,0,1.47,0,Low Risk
0623-GDISB,0,21.03,0,Low Risk
2892-GESUL,0,0.15,0,Low Risk
7472-EQOAV,0,0.47,0,Low Risk
2043-WVTQJ,0,20.14,0,Low Risk
8034-RYTVV,0,8.97,0,Low Risk
3863-QSTYI,0,9.2,0,Low Risk
5044-LRQAQ,0,53.09,1,Medium Risk
1716-LSAMB,0,0.32,0,Low Risk
1333-PBMXB,0,0.41,0,Low Risk
6546-OPBBH,0,0.64,0,Low Risk
5985-BEHZK,0,21.86,0,Low Risk
9127-QRZMH,0,2.78,0,Low Risk
5919-VCZYM,0,32.11,0,Medium Risk
9644-KVCNC,0,5.28,0,Low Risk
2137-DQMEV,0,0.82,0,Low Risk
8174-LNWMW,0,1.29,0,Low Risk
9279-CJEOJ,0,30.58,0,Medium Risk
7964-VEXDG,0,3.62,0,Low Risk
2404-JIBFC,0,0.19,0,Low Risk
8029-XYPWT,0,2.53,0,Low Risk
4632-PAOYU,0,0.61,0,Low Risk
2990-OGYTD,0,1.95,0,Low Risk
6646-JPPHA,0,24.76,0,Low Risk
7658-UYUQS,0,30.55,0,Medium Risk
7880-XSOJX,0,14.28,0,Low Risk
4589-IUAJB,0,0.25,0,Low Risk
8746-BFOAJ,0,1.78,0,Low Risk
8457-XIGKN,0,10.89,0,Low Risk
6072-NUQCB,0,0.7,0,Low Risk
8838-GPHZP,0,0.17,0,Low Risk
8750-QWZAJ,0,0.02,0,Low Risk
6918-UMQCG,0,39.74,0,Medium Risk
0675-NCDYU,0,1.07,0,Low Risk
6339-DKLMK,0,33.58,0,Medium Risk
1346-PJWTK,0,7.35,0,Low Risk
5088-QZLRL,0,15.96,0,Low Risk
8023-QHAIO,0,15.15,0,Low Risk
4397-FRLTA,0,19.21,0,Low Risk
3057-VJJQE,0,7.99,0,Low Risk
2302-OUZXB,0,4.03,0,Low Risk
8133-ANHHJ,0,17.7,0,Low Risk
2270-CHBFN,0,18.94,0,Low Risk
5982-FPVQN,0,16.87,0,Low Risk
9107-UKCKY,0,12.22,0,Low Risk
4654-ULTTN,0,0.8,0,Low Risk
5546-BYZSM,0,6.32,0,Low Risk
1492-KGETH,0,0.15,0,Low Risk
4163-HFTUK,0,1.53,0,Low Risk
8215-NGSPE,0,0.23,0,Low Risk
8859-YSTWS,0,1.67,0,Low Risk
7601-DHFWZ,0,0.88,0,Low Risk
1998-VHJHK,0,7.96,0,Low Risk
1707-HABPF,0,31.46,0,Medium Risk
0487-VVUVK,0,3.46,0,Low Risk
5063-IUOKK,0,3.73,0,Low Risk
4508-OEBEY,0,5.44,0,Low Risk
0027-KWYKW,0,52.04,1,Medium Risk
2308-STERM,0,17.27,0,Low Risk
5982-XMDEX,0,0.4,0,Low Risk
6051-PTVNS,0,0.37,0,Low Risk
2877-VDUER,0,6.06,0,Low Risk
9152-AMKAK,0,21.84,0,Low Risk
9432-VOFYX,0,66.96,1,High Risk
8049-WJCLQ,0,5.56,0,Low Risk
6586-PSJOX,0,0.43,0,Low Risk
9705-ZJBCG,0,0.78,0,Low Risk
6847-KJLTS,0,16.05,0,Low Risk
9670-BPNXF,0,1.96,0,Low Risk
3913-FCUUW,0,0.08,0,Low Risk
3301-VKTGC,0,1.72,0,Low Risk
9555-SAHUZ,0,3.21,0,Low Risk
0816-TSPHQ,0,9.55,0,Low Risk
9932-WBWIK,0,8.47,0,Low Risk
4619-EVPHY,0,38.72,0,Medium Risk
5286-YHCVC,0,7.67,0,Low Risk
9115-YQHGA,0,47.15,0,Medium Risk
4462-CYWMH,0,36.15,0,Medium Risk
8963-MQVYN,0,2.0,0,Low Risk
2458-EOMRE,0,14.03,0,Low Risk
9334-GWGOW,0,87.6,1,High Risk
6542-LWGXJ,0,39.46,0,Medium Risk
5567-GZKQY,0,0.29,0,Low Risk
1222-LRYKO,0,2.72,0,Low Risk
2087-QAREY,0,23.95,0,Low Risk
4423-JWZJN,0,1.88,0,Low Risk
6490-FGZAT,0,13.82,0,Low Risk
7452-FOLON,0,0.82,0,Low Risk
2320-TZRRH,0,1.5,0,Low Risk
4942-VZZOM,0,3.24,0,Low Risk
7502-BNYGS,0,18.6,0,Low Risk
4291-HYEBC,0,5.15,0,Low Risk
6147-CBCRA,0,7.81,0,Low Risk
6047-SUHPR,0,0.78,0,Low Risk
9752-ZNQUT,0,41.47,0,Medium Risk
1576-PFZIW,0,1.56,0,Low Risk
5666-MBJPT,0,0.23,0,Low Risk
7312-XSBAT,0,14.11,0,Low Risk
3096-GKWEB,0,59.31,1,Medium Risk
2371-JQHZZ,0,43.16,0,Medium Risk
0674-GCDXG,0,0.51,0,Low Risk
1121-QSIVB,0,0.83,0,Low Risk
4396-KLSEH,0,25.21,0,Low Risk
2824-MYYBN,0,10.22,0,Low Risk
6345-HOVES,0,12.72,0,Low Risk
8318-LCNBW,0,19.34,0,Low Risk
6469-QJKZW,0,11.14,0,Low Risk
0147-ESWWR,0,28.6,0,Low Risk
1217-VASWC,0,15.81,0,Low Risk
6370-ZVHDV,0,0.98,0,Low Risk
5915-DGNVC,0,5.55,0,Low Risk
6260-XLACS,0,22.69,0,Low Risk
3566-CAAYU,0,0.25,0,Low Risk
4983-CCWMC,0,46.35,0,Medium Risk
9103-CXVOK,0,3.86,0,Low Risk
2896-TBNBE,0,22.29,0,Low Risk
2522-WLNSF,0,5.19,0,Low Risk
3841-CONLJ,0,66.79,1,High Risk
4475-NVTLU,0,0.26,0,Low Risk
9386-LDCZR,0,4.35,0,Low Risk
9585-KKMFD,0,0.16,0,Low Risk
5399-ZIMKF,0,43.37,0,Medium Risk
0336-KXKFK,0,0.82,0,Low Risk
5619-XZZKR,0,2.6,0,Low Risk
3948-FVVRP,0,1.66,0,Low Risk
5327-XOKKY,0,1.74,0,Low Risk
0983-TATYJ,0,3.69,0,Low Risk
1813-JYWTO,0,1.27,0,Low Risk
6719-OXYBR,0,29.87,0,Low Risk
3312-ZWLGF,0,41.08,0,Medium Risk
6476-YHMGA,0,3.23,0,Low Risk
0795-XCCTE,0,0.11,0,Low Risk
0168-XZKBB,0,71.31,1,High Risk
3785-NRHYR,0,10.66,0,Low Risk
4537-DKTAL,0,27.12,0,Low Risk
7072-MBHEV,0,22.86,0,Low Risk
5602-BVFMK,0,6.73,0,Low Risk
6297-NOOPG,0,14.98,0,Low Risk
8204-TIFGJ,0,7.81,0,Low Risk
8050-DVOJX,0,1.02,0,Low Risk
8903-XEBGX,0,33.43,0,Medium Risk
8169-SAEJD,0,2.7,0,Low Risk
1089-XZWHH,0,1.08,0,Low Risk
2325-WINES,0,17.87,0,Low Risk
6064-ZATLR,0,0.96,0,Low Risk
7824-PANSQ,0,6.08,0,Low Risk
9648-BCHKM,0,2.97,0,Low Risk
2888-ADFAO,0,0.22,0,Low Risk
8707-HOEDG,0,3.9,0,Low Risk
4072-IPYLT,0,1.35,0,Low Risk
7167-PCEYD,0,0.46,0,Low Risk
4936-YPJNK,0,19.77,0,Low Risk
1580-BMCMR,0,48.13,0,Medium Risk
4817-KEQSP,0,0.07,0,Low Risk
6408-WHTEF,0,1.04,0,Low Risk
9251-AWQGT,0,0.4,0,Low Risk
8749-CLJXC,0,24.77,0,Low Risk
7989-VCQOH,0,3.85,0,Low Risk
4199-QHJNM,0,6.28,0,Low Risk
8882-TLVRW,0,0.15,0,Low Risk
5135-GRQJV,0,9.57,0,Low Risk
2384-OVPSA,0,0.59,0,Low Risk
1371-WEPDS,0,6.11,0,Low Risk
3580-GICBM,0,0.06,0,Low Risk
9730-DRTMJ,0,5.58,0,Low Risk
4686-UXDML,0,57.45,1,Medium Risk
3349-ANQNH,0,19.14,0,Low Risk
0932-YIXYU,0,0.26,0,Low Risk
7480-SPLEF,0,0.11,0,Low Risk
7636-XUHWW,0,12.0,0,Low Risk
1431-CYWMH,0,1.24,0,Low Risk
5937-EORGB,0,71.25,1,High Risk
6349-JDHQP,0,0.47,0,Low Risk
5539-HIVAK,0,6.03,0,Low Risk
5847-MXBEO,0,4.73,0,Low Risk
4583-PARNH,0,54.23,1,Medium Risk
1116-FRYVH,0,0.5,0,Low Risk
1421-HCERK,0,22.19,0,Low Risk
9633-XQABV,0,44.4,0,Medium Risk
0716-BQNDX,0,9.89,0,Low Risk
1183-CANVH,0,20.04,0,Low Risk
1972-XMUWV,0,2.12,0,Low Risk
8679-LZBMD,0,20.27,0,Low Risk
3407-JMJQQ,0,1.82,0,Low Risk
6252-DFGTK,0,2.49,0,Low Risk
1539-LNKHM,0,5.31,0,Low Risk
8645-KOMJQ,0,1.04,0,Low Risk
0289-IVARM,0,8.22,0,Low Risk
9761-XUJWD,0,32.67,0,Medium Risk
4057-FKCZK,0,2.26,0,Low Risk
4291-TPNFG,0,0.34,0,Low Risk
6087-YPWHO,0,0.49,0,Low Risk
3090-QFUVD,0,7.14,0,Low Risk
1722-LDZJS,0,0.53,0,Low Risk
1818-ESQMW,0,32.83,0,Medium Risk
7401-RUBNK,0,66.05,1,High Risk
0506-YLVKJ,0,0.13,0,Low Risk
8661-BOYNW,0,1.73,0,Low Risk
4815-GBTCD,0,47.19,0,Medium Risk
2805-AUFQN,0,1.84,0,Low Risk
0980-PVMRC,0,16.44,0,Low Risk
7233-DRTRF,0,38.53,0,Medium Risk
3873-NFTGI,0,33.14,0,Medium Risk
1162-ECVII,0,7.96,0,Low Risk
7048-GXDAY,0,48.77,0,Medium Risk
8571-ZCMCX,0,2.34,0,Low Risk
1169-WCVAK,0,36.31,0,Medium Risk
7129-CAKJW,0,41.09,0,Medium Risk
8695-ARGXZ,0,61.55,1,High Risk
3570-YUEKJ,0,7.24,0,Low Risk
1555-HAPSU,0,0.07,0,Low Risk
1697-NVVGY,0,19.65,0,Low Risk
8464-EETCQ,0,0.31,0,Low Risk
2419-FSORS,0,11.55,0,Low Risk
8132-YPVBX,0,46.83,0,Medium Risk
6754-LZUKA,0,6.35,0,Low Risk
8099-MZPUJ,0,3.36,0,Low Risk
0787-LHDYT,0,10.87,0,Low Risk
0374-IOEGQ,0,27.73,0,Low Risk
3197-NNYNB,0,13.67,0,Low Risk
3396-DKDEL,0,1.35,0,Low Risk
1752-OZXFY,0,6.07,0,Low Risk
9066-QRSDU,0,3.79,0,Low Risk
9112-WSNPU,0,18.24,0,Low Risk
9867-NNXLC,0,7.95,0,Low Risk
5321-NTRKC,0,0.45,0,Low Risk
3161-GETRM,0,13.39,0,Low Risk
0402-OAMEN,0,0.07,0,Low Risk
6933-VLYFX,0,7.84,0,Low Risk
6754-WKSHP,0,0.62,0,Low Risk
4976-LNFVV,0,47.37,0,Medium Risk
5055-MGMGF,0,29.74,0,Low Risk
4641-FROLU,0,0.25,0,Low Risk
2862-JVEOY,0,8.63,0,Low Risk
2969-QWUBZ,0,44.38,0,Medium Risk
9822-BIIGN,0,1.32,0,Low Risk
2077-MPJQO,0,75.24,1,High Risk
1534-OULXE,0,2.41,0,Low Risk
2971-SGAFL,0,43.56,0,Medium Risk
1480-IVEVR,0,13.71,0,Low Risk
2905-KFQUV,0,45.14,0,Medium Risk
3370-HXOPH,0,57.57,1,Medium Risk
9391-YZEJW,0,22.91,0,Low Risk
9958-MEKUC,0,0.23,0,Low Risk
0281-CNTZX,0,0.43,0,Low Risk
4118-CEVPF,0,26.54,0,Low Risk
9114-VEPUF,0,10.3,0,Low Risk
7876-BEUTG,0,52.96,1,Medium Risk
2338-BQEZT,0,2.84,0,Low Risk
9873-MNDKV,0,14.7,0,Low Risk
8241-JUIQO,0,0.51,0,Low Risk
2194-IIQOF,0,0.6,0,Low Risk
9631-RXVJM,0,1.26,0,Low Risk
9584-EXCDZ,0,26.66,0,Low Risk
5093-FEGLU,0,1.7,0,Low Risk
2621-UDNLU,0,28.78,0,Low Risk
7526-IVLYU,0,31.28,0,Medium Risk
2428-HYUNX,0,1.39,0,Low Risk
9214-EKVXR,0,53.2,1,Medium Risk
3410-MHHUM,0,3.54,0,Low Risk
2122-YWVYA,0,39.13,0,Medium Risk
2296-DKZFP,0,0.87,0,Low Risk
8909-BOLNL,0,14.16,0,Low Risk
6603-YRDCJ,0,3.32,0,Low Risk
3229-USWAR,0,8.38,0,Low Risk
2138-VFAPZ,0,2.44,0,Low Risk
6131-JLWZM,0,21.18,0,Low Risk
0269-XFESX,0,1.16,0,Low Risk
1709-EJDOX,0,0.11,0,Low Risk
4316-XCSLJ,0,4.08,0,Low Risk
9693-XMUOB,0,29.57,0,Low Risk
0383-CLDDA,0,1.44,0,Low Risk
2709-UQGNP,0,28.16,0,Low Risk
3549-ZTMNH,0,6.22,0,Low Risk
8033-ATFAS,0,5.0,0,Low Risk
1635-NZATJ,0,0.31,0,Low Risk
0562-HKHML,0,0.05,0,Low Risk
8277-RVRSV,0,0.38,0,Low Risk
9943-VSZUV,0,15.12,0,Low Risk
7054-ENNGU,0,15.15,0,Low Risk
1455-HFBXA,0,4.11,0,Low Risk
9402-CXWPL,0,9.15,0,Low Risk
1628-BIZYP,0,73.79,1,High Risk
0082-LDZUE,0,38.63,0,Medium Risk
5343-SGUBI,0,9.92,0,Low Risk
0856-NAOES,0,37.53,0,Medium Risk
1976-AZZPJ,0,47.65,0,Medium Risk
6156-UZDLF,0,12.39,0,Low Risk
3099-OONVS,0,18.49,0,Low Risk
9500-WBGRP,0,0.38,0,Low Risk
5183-KLYEM,0,2.55,0,Low Risk
5144-PQCDZ,0,35.38,0,Medium Risk
8514-VZHEB,0,0.19,0,Low Risk
6625-IUTTT,0,1.5,0,Low Risk
9355-NPPFS,0,75.41,1,High Risk
0068-FIGTF,0,26.23,0,Low Risk
5965-GGPRW,0,1.67,0,Low Risk
8035-PWSEV,0,66.24,1,High Risk
2236-HILPA,0,0.17,0,Low Risk
1840-BIUOG,0,35.56,0,Medium Risk
1356-MKYSK,0,20.35,0,Low Risk
6080-LNESI,0,0.5,0,Low Risk
1830-IPXVJ,0,0.14,0,Low Risk
5828-DWPIL,0,26.27,0,Low Risk
8398-TBIYD,0,1.61,0,Low Risk
2931-FSOHN,0,21.78,0,Low Risk
9418-RUKPH,0,0.17,0,Low Risk
9971-ZWPBF,0,12.45,0,Low Risk
4712-AUQZO,0,40.53,0,Medium Risk
9711-FJTBX,0,2.11,0,Low Risk
2908-ZTPNF,0,15.35,0,Low Risk
8421-WZOOW,0,5.09,0,Low Risk
1414-YADCW,0,3.45,0,Low Risk
8756-RDDLT,0,3.85,0,Low Risk
2862-PFNIK,0,16.83,0,Low Risk
5816-QVHRX,0,32.31,0,Medium Risk
4430-YHXGG,0,10.04,0,Low Risk
6888-SBYAI,0,31.25,0,Medium Risk
7395-XWZOY,0,22.0,0,Low Risk
7169-YWAMK,0,0.06,0,Low Risk
6859-RKMZJ,0,30.09,0,Medium Risk
2729-VNVAP,0,0.23,0,Low Risk
2957-JIRMN,0,8.06,0,Low Risk
2049-BAFNW,0,16.55,0,Low Risk
3842-QTGDL,0,40.95,0,Medium Risk
7163-OCEQI,0,11.85,0,Low Risk
9782-LGXMC,0,1.37,0,Low Risk
5975-BAICR,0,0.85,0,Low Risk
4673-KKSLS,0,11.5,0,Low Risk
4853-OITSN,0,57.68,1,Medium Risk
9800-OUIGR,0,0.07,0,Low Risk
2324-EFHVG,0,7.64,0,Low Risk
7094-MSZAO,0,1.42,0,Low Risk
6907-CQGPN,0,13.03,0,Low Risk
0780-XNZFN,0,0.41,0,Low Risk
0239-OXEXL,0,9.25,0,Low Risk
2675-IJRGJ,0,0.35,0,Low Risk
7049-GKVZY,0,3.92,0,Low Risk
8577-QSOCG,0,0.54,0,Low Risk
3721-CNZHX,0,7.43,0,Low Risk
0212-ISBBF,0,46.17,0,Medium Risk
3585-YNADK,0,3.98,0,Low Risk
5271-DBYSJ,0,50.44,1,Medium Risk
1099-GODLO,0,1.12,0,Low Risk
6828-HMKWP,0,0.86,0,Low Risk
1472-TNCWL,0,9.87,0,Low Risk
2080-GKCWQ,0,56.08,1,Medium Risk
2193-SFWQW,0,1.46,0,Low Risk
5656-JAMLX,0,0.23,0,Low Risk
3462-BJQQA,0,54.54,1,Medium Risk
0442-TDYUO,0,0.91,0,Low Risk
6733-LRIZX,0,33.53,0,Medium Risk
9503-XJUME,0,0.42,0,Low Risk
4367-NHWMM,0,52.01,1,Medium Risk
3779-OSWCF,0,0.78,0,Low Risk
6736-DHUQI,0,0.42,0,Low Risk
3915-ODIYG,0,15.92,0,Low Risk
1360-RCYRT,0,12.69,0,Low Risk
2724-FJDYW,0,2.59,0,Low Risk
4451-RWASJ,0,1.3,0,Low Risk
3460-TJBWI,0,1.32,0,Low Risk
5917-HBSDW,0,0.97,0,Low Risk
5671-UUNXD,0,38.47,0,Medium Risk
0956-ACVZC,0,16.21,0,Low Risk
2325-NBPZG,0,52.68,1,Medium Risk
4482-FTFFX,0,17.92,0,Low Risk
8859-DZTGQ,0,0.82,0,Low Risk
0440-MOGPM,0,10.43,0,Low Risk
0020-JDNXP,0,1.98,0,Low Risk
3752-CQSJI,0,9.89,0,Low Risk
5025-GOOKI,0,9.84,0,Low Risk
4698-KVLLG,0,0.28,0,Low Risk
2887-JPYLU,0,2.26,0,Low Risk
4770-QAZXN,0,9.65,0,Low Risk
4896-CPRPF,0,0.66,0,Low Risk
9714-EDSUC,0,17.84,0,Low Risk
0282-NVSJS,0,14.46,0,Low Risk
7353-YOWFP,0,5.31,0,Low Risk
8008-ESFLK,0,17.16,0,Low Risk
7537-CBQUZ,0,12.32,0,Low Risk
3363-EWLGO,0,12.75,0,Low Risk
4750-UKWJK,0,4.39,0,Low Risk
1689-YQBYY,0,28.99,0,Low Risk
4487-ZYJZK,0,0.24,0,Low Risk
2959-FENLU,0,36.69,0,Medium Risk
0708-LGSMF,0,52.0,1,Medium Risk
7634-HLQJR,0,0.18,0,Low Risk
0487-RPVUM,0,12.65,0,Low Risk
4079-ULGFR,0,3.39,0,Low Risk
2516-XSJKX,0,0.41,0,Low Risk
0057-QBUQH,0,0.64,0,Low Risk
6599-SFQVE,0,40.68,0,Medium Risk
8331-ZXFOE,0,2.6,0,Low Risk
4003-FUSHP,0,31.89,0,Medium Risk
0356-ERHVT,0,38.25,0,Medium Risk
7325-ENZFI,0,4.5,0,Low Risk
4884-ZTHVF,0,72.57,1,High Risk
3920-HIHMQ,0,6.3,0,Low Risk
3055-OYMSE,0,6.93,0,Low Risk
0613-WUXUM,0,0.07,0,Low Risk
4458-KVRBJ,0,1.1,0,Low Risk
1397-XKKWR,0,27.75,0,Low Risk
8097-OMULG,0,0.88,0,Low Risk
6013-BHCAW,0,2.16,0,Low Risk
0401-WDBXM,0,2.17,0,Low Risk
3387-PLKUI,0,3.46,0,Low Risk
6096-EGVTU,0,0.33,0,Low Risk
5081-NWSUP,0,15.98,0,Low Risk
2580-ATZSQ,0,0.37,0,Low Risk
8085-MSNLK,0,6.94,0,Low Risk
9691-HKOVS,0,12.43,0,Low Risk
9881-VCZEP,0,47.61,0,Medium Risk
8757-TFHHJ,0,41.4,0,Medium Risk
1468-DEFNC,0,0.15,0,Low Risk
5119-KEPFY,0,71.43,1,High Risk
0916-KNFAJ,0,2.79,0,Low Risk
8319-QBEHW,0,5.0,0,Low Risk
9625-QNLUX,0,1.42,0,Low Risk
4024-CSNBY,0,2.75,0,Low Risk
7110-BDTWG,0,4.11,0,Low Risk
7493-GVFIO,0,0.72,0,Low Risk
0690-SRQID,0,17.95,0,Low Risk
9605-WGJVW,0,70.67,1,High Risk
9114-DPSIA,0,0.08,0,Low Risk
4700-UBQMV,0,4.61,0,Low Risk
7711-GQBZC,0,0.06,0,Low Risk
4627-MIHJH,0,2.65,0,Low Risk
9795-NREXC,0,4.08,0,Low Risk
8573-CGOCC,0,4.07,0,Low Risk
7356-AYNJP,0,15.57,0,Low Risk
6286-SUUWT,0,19.45,0,Low Risk
4819-HJPIW,0,41.06,0,Medium Risk
8654-DHAOW,0,26.09,0,Low Risk
5438-QMDDL,0,45.86,0,Medium Risk
9812-GHVRI,0,43.14,0,Medium Risk
5553-AOINX,0,4.02,0,Low Risk
1228-ZLNBX,0,27.16,0,Low Risk
4226-KKDON,0,44.29,0,Medium Risk
3831-YCPUO,0,1.29,0,Low Risk
7445-WMRBW,0,6.25,0,Low Risk
3308-DGHKL,0,0.4,0,Low Risk
9924-JPRMC,0,7.08,0,Low Risk
0080-EMYVY,0,16.09,0,Low Risk
6218-KNUBD,0,56.23,1,Medium Risk
7337-CINUD,0,0.82,0,Low Risk
7609-NRNCA,0,5.65,0,Low Risk
0623-EJQEG,0,12.22,0,Low Risk
7153-CHRBV,0,0.31,0,Low Risk
6198-PNNSZ,0,14.07,0,Low Risk
3317-VLGQT,0,68.94,1,High Risk
4132-POCZS,0,23.36,0,Low Risk
5614-DNZCE,0,0.44,0,Low Risk
3896-RCYYE,0,16.15,0,Low Risk
9638-JIQYA,0,59.63,1,Medium Risk
3258-SANFR,0,35.54,0,Medium Risk
3726-TBHQT,0,1.73,0,Low Risk
3190-ITQXP,0,0.06,0,Low Risk
4833-QTJNO,0,7.88,0,Low Risk
3039-MJSLN,0,2.31,0,Low Risk
0178-CIIKR,0,23.7,0,Low Risk
5774-QPLTF,0,0.38,0,Low Risk
2322-VCZHZ,0,31.12,0,Medium Risk
5010-IPEAQ,0,0.06,0,Low Risk
6383-ZTSIW,0,24.38,0,Low Risk
8990-YOZLV,0,1.46,0,Low Risk
3069-SSVSN,0,16.61,0,Low Risk
5222-IMUKT,0,25.74,0,Low Risk
6685-XSHHU,0,0.1,0,Low Risk
8901-UPRHR,0,2.81,0,Low Risk
0118-JPNOY,0,22.58,0,Low Risk
3845-FXCYS,0,42.81,0,Medium Risk
5857-XRECV,0,0.88,0,Low Risk
0725-CXOTM,0,3.75,0,Low Risk
4343-EJVQB,0,44.09,0,Medium Risk
9000-PLFUZ,0,2.92,0,Low Risk
3427-GGZZI,0,49.48,0,Medium Risk
7779-ORAEL,0,3.53,0,Low Risk
0644-OQMDK,0,55.12,1,Medium Risk
3154-CFSZG,0,5.17,0,Low Risk
2220-IAHLS,0,14.2,0,Low Risk
1658-XUHBX,0,8.24,0,Low Risk
2378-HTWFW,0,28.47,0,Low Risk
4377-VDHYI,0,4.77,0,Low Risk
3719-TDVQB,0,0.57,0,Low Risk
0201-MIBOL,0,8.67,0,Low Risk
4937-QPZPO,0,10.0,0,Low Risk
2925-VDZHY,0,0.12,0,Low Risk
6981-TDRFT,0,7.55,0,Low Risk
3413-CSSTH,0,15.53,0,Low Risk
8033-VCZGH,0,31.36,0,Medium Risk
0224-NIJLP,0,1.46,0,Low Risk
7542-CYDDM,0,17.56,0,Low Risk
4718-WXBGI,0,0.33,0,Low Risk
8495-PRWFH,0,43.11,0,Medium Risk
0439-IFYUN,0,43.35,0,Medium Risk
5716-LIBJC,0,20.11,0,Low Risk
2868-LLSKM,0,2.4,0,Low Risk
2988-QRAJY,0,12.2,0,Low Risk
0071-NDAFP,0,1.6,0,Low Risk
7328-ZJAJO,0,0.33,0,Low Risk
6458-CYIDZ,0,30.76,0,Medium Risk
1090-PYKCI,0,1.25,0,Low Risk
3058-WQDRE,0,44.74,0,Medium Risk
2279-AXJJK,0,33.62,0,Medium Risk
0909-SELIE,0,3.08,0,Low Risk
3417-TSCIC,0,14.86,0,Low Risk
1042-HFUCW,0,1.71,0,Low Risk
6537-OTKMY,0,29.3,0,Low Risk
8999-EXMNO,0,0.43,0,Low Risk
6725-TPKJO,0,0.88,0,Low Risk
7162-WPHPM,0,0.24,0,Low Risk
1599-MMYRQ,0,0.52,0,Low Risk
8821-KVZKQ,0,0.44,0,Low Risk
6434-TTGJP,0,1.23,0,Low Risk
0042-JVWOJ,0,11.58,0,Low Risk
0130-SXOUN,0,4.93,0,Low Risk
2330-PQGDQ,0,4.83,0,Low Risk
1452-UZOSF,0,1.08,0,Low Risk
2097-YVPKN,0,0.67,0,Low Risk
8597-CTXVJ,0,0.27,0,Low Risk
6631-HMANX,0,1.83,0,Low Risk
9962-BFPDU,0,3.43,0,Low Risk
6394-HHHZM,0,15.35,0,Low Risk
5995-LFTLE,0,0.72,0,Low Risk
1932-UEDCX,0,40.3,0,Medium Risk
5188-HGMLP,0,11.41,0,Low Risk
0665-XHDJU,0,10.87,0,Low Risk
8265-HKSOW,0,0.42,0,Low Risk
3544-FBCAS,0,0.5,0,Low Risk
5331-RGMTT,0,72.11,1,High Risk
4759-PXTAN,0,10.71,0,Low Risk
7054-DMVAS,0,1.98,0,Low Risk
3428-MMGUB,0,19.45,0,Low Risk
6549-BTYPG,0,1.87,0,Low Risk
7823-JSOAG,0,56.14,1,Medium Risk
3705-RHRFR,0,8.95,0,Low Risk
9374-YOLBJ,0,6.48,0,Low Risk
9074-KGVOX,0,4.99,0,Low Risk
6128-DAFVY,0,6.26,0,Low Risk
9933-QRGTX,0,5.27,0,Low Risk
4476-OSWTN,0,17.4,0,Low Risk
5066-GFJMM,0,22.05,0,Low Risk
2661-GKBTK,0,0.35,0,Low Risk
0458-HEUZG,0,7.67,0,Low Risk
7268-WNTCP,0,0.03,0,Low Risk
0824-VWDPO,0,33.49,0,Medium Risk
8409-WQJUX,0,18.25,0,Low Risk
2578-JQPHZ,0,13.31,0,Low Risk
3278-FSIXX,0,55.09,1,Medium Risk
9746-UGFAC,0,2.31,0,Low Risk
2946-KIQSP,0,29.35,0,Low Risk
0625-AFOHS,0,0.2,0,Low Risk
6726-WEXXK,0,35.17,0,Medium Risk
4636-OLWOE,0,0.61,0,Low Risk
4685-ERGHK,0,18.71,0,Low Risk
0885-HMGPY,0,1.22,0,Low Risk
5003-OKNNK,0,1.46,0,Low Risk
7208-PSIHR,0,10.19,0,Low Risk
4012-ZTHBR,0,6.27,0,Low Risk
0489-WMEMG,0,4.81,0,Low Risk
7435-ZNUYY,0,7.84,0,Low Risk
1354-YZFNB,0,1.02,0,Low Risk
2985-FMWYF,0,89.04,1,High Risk
2812-ENYMO,0,9.47,0,Low Risk
2717-HVIZY,0,1.94,0,Low Risk
3422-GALYP,0,51.97,1,Medium Risk
2890-WFBHU,0,1.46,0,Low Risk
0327-WFZSY,0,5.95,0,Low Risk
7977-HXJKU,0,0.22,0,Low Risk
7033-CLAMM,0,0.12,0,Low Risk
4023-RTIQM,0,6.28,0,Low Risk
0864-FVJNJ,0,5.79,0,Low Risk
7356-IWLFW,0,3.79,0,Low Risk
9541-PWTWO,0,2.29,0,Low Risk
3967-VQOGC,0,0.09,0,Low Risk
7872-RDDLZ,0,10.81,0,Low Risk
6308-CQRBU,0,8.43,0,Low Risk
0186-CAERR,0,6.93,0,Low Risk
3043-SUDUA,0,6.76,0,Low Risk
5442-BHQNG,0,65.14,1,High Risk
2169-RRLFW,0,0.27,0,Low Risk
5872-OEQNH,0,8.35,0,Low Risk
3162-KKZXO,0,18.07,0,Low Risk
8873-GLDMH,0,51.87,1,Medium Risk
5696-JVVQY,0,0.85,0,Low Risk
8946-BFWSG,0,0.19,0,Low Risk
0547-HURJB,0,1.6,0,Low Risk
8904-OPDCK,0,9.21,0,Low Risk
8845-LWKGE,0,4.63,0,Low Risk
0691-NIKRI,0,37.9,0,Medium Risk
5022-JNQEQ,0,21.08,0,Low Risk
3249-VHRIP,0,1.81,0,Low Risk
3736-BLEPA,0,32.46,0,Medium Risk
4701-LKOZD,0,0.58,0,Low Risk
6603-QWSPR,0,11.51,0,Low Risk
9921-QFQUL,0,45.53,0,Medium Risk
1929-ZCBHE,0,0.65,0,Low Risk
4378-MYPGO,0,2.95,0,Low Risk
4129-LYCOI,0,4.87,0,Low Risk
7798-JVXYM,0,18.86,0,Low Risk
8647-SDTWQ,0,23.41,0,Low Risk
2696-ECXKC,0,2.49,0,Low Risk
2081-KJSQF,0,25.94,0,Low Risk
3323-CPBWR,0,41.04,0,Medium Risk
3384-CTMSF,0,36.6,0,Medium Risk
0902-RFHOF,0,3.52,0,Low Risk
6048-QBXKL,0,40.11,0,Medium Risk
7718-RXDGG,0,29.84,0,Low Risk
1025-FALIX,0,27.32,0,Low Risk
3451-VAWLI,0,0.12,0,Low Risk
3407-QGWLG,0,8.23,0,Low Risk
2347-WKKAE,0,40.5,0,Medium Risk
8735-DCXNF,0,14.59,0,Low Risk
3214-IYUUQ,0,3.79,0,Low Risk
1936-UAFEH,0,5.28,0,Low Risk
3587-PMCOY,0,31.5,0,Medium Risk
1027-LKKQQ,0,0.72,0,Low Risk
7148-XZPHA,0,4.53,0,Low Risk
5309-TAIKL,0,20.94,0,Low Risk
6856-RAURS,0,88.57,1,High Risk
8778-LMWTJ,0,49.96,0,Medium Risk
9717-IOAAF,0,0.34,0,Low Risk
2845-KDHVX,0,1.57,0,Low Risk
0848-SOMKO,0,0.25,0,Low Risk
6734-FQAJX,0,3.92,0,Low Risk
1535-VTJOQ,0,3.73,0,Low Risk
6368-TZZDT,0,0.63,0,Low Risk
0943-ZQPXH,0,7.81,0,Low Risk
1293-BSEUN,0,0.05,0,Low Risk
1302-TPUBN,0,0.32,0,Low Risk
2378-VTKDH,0,58.96,1,Medium Risk
0927-CNGRH,0,1.97,0,Low Risk
8608-OZTLB,0,0.74,0,Low Risk
2335-GSODA,0,1.04,0,Low Risk
1952-DVVSW,0,7.56,0,Low Risk
6656-GULJQ,0,1.33,0,Low Risk
9853-JFZDU,0,8.96,0,Low Risk
3777-XROBG,0,0.05,0,Low Risk
6994-FGRHH,0,3.34,0,Low Risk
4000-VGMQP,0,0.98,0,Low Risk
3999-WRNGR,0,6.81,0,Low Risk
3466-RITXD,0,19.49,0,Low Risk
2680-XKKNJ,0,5.49,0,Low Risk
2974-GGUXS,0,48.71,0,Medium Risk
7994-XIRTR,0,1.4,0,Low Risk
2101-RANCD,0,19.31,0,Low Risk
7921-BEPCI,0,0.47,0,Low Risk
8510-TMWYB,0,1.27,0,Low Risk
3258-ZKPAI,0,3.79,0,Low Risk
1428-IEDPR,0,12.73,0,Low Risk
5298-GSTLM,0,17.85,0,Low Risk
4450-YOOHP,0,41.19,0,Medium Risk
6728-CZFEI,0,26.92,0,Low Risk
3653-NCRDJ,0,0.61,0,Low Risk
6121-TNHBO,0,2.44,0,Low Risk
5119-NZPTV,0,66.37,1,High Risk
6519-ZHPXP,0,1.17,0,Low Risk
3472-QPRCH,0,0.28,0,Low Risk
8224-UAXBZ,0,13.74,0,Low Risk
9610-WCESF,0,3.5,0,Low Risk
2486-WYVVE,0,18.62,0,Low Risk
3865-ZYKAD,0,26.39,0,Low Risk
1422-DGUBX,0,31.25,0,Medium Risk
2999-AANRQ,0,3.6,0,Low Risk
8668-KNZTI,0,3.4,0,Low Risk
0480-KYJVA,0,0.14,0,Low Risk
9746-YKGXB,0,3.91,0,Low Risk
3926-YZVVX,0,3.0,0,Low Risk
6000-UKLWI,0,0.86,0,Low Risk
6332-FBZRI,0,0.43,0,Low Risk
2096-XOTMO,0,2.05,0,Low Risk
3266-FTKHB,0,2.6,0,Low Risk
8221-EQDGL,0,4.08,0,Low Risk
2346-LOCWC,0,0.07,0,Low Risk
0298-XACET,0,0.42,0,Low Risk
7560-QJAVJ,0,0.39,0,Low Risk
2995-YWTCD,0,1.71,0,Low Risk
9137-UIYPG,0,13.25,0,Low Risk
2809-ZMYOQ,0,59.45,1,Medium Risk
5084-OOVCJ,0,6.55,0,Low Risk
0254-WWRKD,0,0.43,0,Low Risk
7727-SHVZV,0,12.07,0,Low Risk
5339-PXDVH,0,71.83,1,High Risk
2205-LPVGL,0,1.05,0,Low Risk
8782-NUUOL,0,4.71,0,Low Risk
7601-WFVZV,0,10.54,0,Low Risk
4609-KNNWG,0,0.89,0,Low Risk
4868-AADLV,0,1.63,0,Low Risk
9529-OFXHY,0,39.67,0,Medium Risk
2669-QVCRG,0,25.21,0,Low Risk
2478-EEWWM,0,15.29,0,Low Risk
9174-IHETN,0,0.48,0,Low Risk
2233-TXSIU,0,3.13,0,Low Risk
9644-UMGQA,0,9.81,0,Low Risk
3256-EZDBI,0,8.03,0,Low Risk
0419-YAAPX,0,36.56,0,Medium Risk
0872-CASZJ,0,3.29,0,Low Risk
4726-DLWQN,0,17.97,0,Low Risk
8164-OCKUJ,0,0.07,0,Low Risk
3094-JOJAI,0,63.11,1,High Risk
9494-MRNYX,0,37.07,0,Medium Risk
2599-CZABP,0,8.67,0,Low Risk
7945-PRBVF,0,1.93,0,Low Risk
4544-RXFMG,0,5.31,0,Low Risk
0859-YGKFW,0,3.48,0,Low Risk
1150-FTQGN,0,0.65,0,Low Risk
7196-LIWRH,0,2.35,0,Low Risk
5448-VWNAM,0,3.28,0,Low Risk
1177-XZBJL,0,0.43,0,Low Risk
3518-FSTWG,0,3.62,0,Low Risk
9330-VOFSZ,0,34.05,0,Medium Risk
0939-EREMR,0,2.51,0,Low Risk
9389-ACWBI,0,11.8,0,Low Risk
3644-QXEHN,0,19.99,0,Low Risk
2911-IJORQ,0,3.89,0,Low Risk
5921-NGYRH,0,14.51,0,Low Risk
5998-DZLYR,0,6.6,0,Low Risk
3985-HOYPM,0,3.35,0,Low Risk
9548-LERKT,0,5.21,0,Low Risk
6576-FBXOJ,0,20.93,0,Low Risk
4310-KEDTB,0,11.62,0,Low Risk
4062-HBMOS,0,38.15,0,Medium Risk
2676-ISHSF,0,9.94,0,Low Risk
9236-NDUCW,0,5.59,0,Low Risk
4753-PADAS,0,15.75,0,Low Risk
6103-QCKFX,0,0.53,0,Low Risk
7781-EWARA,0,2.62,0,Low Risk
7018-FPXHH,0,0.28,0,Low Risk
0572-ZJKLT,0,1.03,0,Low Risk
5135-RDDQL,0,0.64,0,Low Risk
1353-LJWEM,0,30.76,0,Medium Risk
1794-SWWKL,0,7.93,0,Low Risk
6166-YIPFO,0,5.17,0,Low Risk
9332-GYWLO,0,14.54,0,Low Risk
4184-VODJZ,0,1.6,0,Low Risk
1092-WPIVQ,0,0.37,0,Low Risk
7233-IOQNP,0,8.02,0,Low Risk
2834-JKOOW,0,8.77,0,Low Risk
2400-FEQME,0,0.04,0,Low Risk
4957-SREEC,0,0.17,0,Low Risk
0230-UBYPQ,0,0.95,0,Low Risk
4923-ADWXJ,0,30.1,0,Medium Risk
1763-KUAAW,0,3.92,0,Low Risk
1104-TNLZA,0,51.62,1,Medium Risk
5195-KPUNQ,0,6.32,0,Low Risk
3439-GVUSX,0,30.19,0,Medium Risk
5949-HGVJL,0,36.76,0,Medium Risk
5203-XEHAX,0,4.2,0,Low Risk
1635-HDGFT,0,0.38,0,Low Risk
8050-XGRVL,0,0.1,0,Low Risk
9828-QHFBK,0,16.48,0,Low Risk
3908-MKIMJ,0,0.9,0,Low Risk
5012-YSPJJ,0,2.43,0,Low Risk
6728-VOIFY,0,26.82,0,Low Risk
4891-NLUBA,0,0.82,0,Low Risk
8969-PRHFK,0,6.02,0,Low Risk
0661-KQHNK,0,1.09,0,Low Risk
8709-KRDVL,0,49.85,0,Medium Risk
1427-VERSM,0,46.66,0,Medium Risk
9801-NOSHQ,0,1.0,0,Low Risk
6339-YPSAH,0,34.57,0,Medium Risk
2159-TURXX,0,26.8,0,Low Risk
1548-FEHVL,0,24.81,0,Low Risk
3795-CAWEX,0,2.05,0,Low Risk
6215-NQCPY,0,47.06,0,Medium Risk
5647-URDKA,0,1.0,0,Low Risk
2229-DPMBI,0,1.38,0,Low Risk
9626-WEQRM,0,30.11,0,Medium Risk
2188-SXWVT,0,3.41,0,Low Risk
6258-PVZWJ,0,2.1,0,Low Risk
1094-BKOSX,0,0.65,0,Low Risk
6969-MVBAI,0,68.05,1,High Risk
2978-XXSOG,0,17.79,0,Low Risk
2342-CKIAO,0,21.04,0,Low Risk
6953-PBDIN,0,4.34,0,Low Risk
3898-BSJYF,0,0.98,0,Low Risk
3938-YFPXD,0,0.81,0,Low Risk
7696-AMHOD,0,5.28,0,Low Risk
2453-SAFNS,0,5.25,0,Low Risk
9558-IHEZX,0,2.73,0,Low Risk
9617-UDPEU,0,1.4,0,Low Risk
6340-DACFT,0,0.05,0,Low Risk
4955-VCWBI,0,0.23,0,Low Risk
6813-GZQCG,0,0.24,0,Low Risk
7426-GSWPO,0,18.19,0,Low Risk
3389-KTRXV,0,0.62,0,Low Risk
3118-UHVVQ,0,0.24,0,Low Risk
3205-MXZRA,0,3.26,0,Low Risk
8317-BVKSO,0,23.77,0,Low Risk
5702-KVQRD,0,2.45,0,Low Risk
0083-PIVIK,0,1.1,0,Low Risk
6169-PGNCD,0,1.83,0,Low Risk
4909-JOUPP,0,11.17,0,Low Risk
4657-FWVFY,0,11.28,0,Low Risk
2257-BOVXD,0,33.15,0,Medium Risk
7729-JTEEC,0,9.11,0,Low Risk
9696-RMYBA,0,66.17,1,High Risk
8690-UPCZI,0,5.14,0,Low Risk
9770-LXDBK,0,18.25,0,Low Risk
4086-WITJG,0,0.09,0,Low Risk
8344-WFMFH,0,9.66,0,Low Risk
8822-KNBHV,0,5.91,0,Low Risk
8404-FYDIB,0,32.49,0,Medium Risk
2791-SFVEW,0,17.77,0,Low Risk
6762-NSODU,0,0.16,0,Low Risk
9888-ZCUMM,0,0.44,0,Low Risk
1074-WVEVG,0,0.62,0,Low Risk
9979-RGMZT,0,45.44,0,Medium Risk
6437-UDQJM,0,4.58,0,Low Risk
1226-IENZN,0,84.28,1,High Risk
2108-GLPQB,0,26.58,0,Low Risk
5474-LAMUQ,0,8.39,0,Low Risk
3468-DRVQJ,0,9.06,0,Low Risk
1122-YJBCS,0,2.76,0,Low Risk
4990-ALDGW,0,0.65,0,Low Risk
4816-OKWNX,0,1.99,0,Low Risk
3315-IKYZQ,0,2.11,0,Low Risk
4747-LCAQL,0,24.18,0,Low Risk
3411-WLRSQ,0,67.16,1,High Risk
0898-XCGTF,0,26.09,0,Low Risk
8006-PYCSW,0,14.16,0,Low Risk
8249-THVEC,0,0.25,0,Low Risk
8722-PRFDV,0,0.44,0,Low Risk
2164-SOQXL,0,2.4,0,Low Risk
4020-KIUDI,0,4.63,0,Low Risk
5850-BDWCY,0,17.96,0,Low Risk
2038-YSEZE,0,8.81,0,Low Risk
0827-ITJPH,0,1.13,0,Low Risk
8799-OXZMD,0,33.76,0,Medium Risk
1705-GUHPV,0,1.47,0,Low Risk
4779-ZGICK,0,0.23,0,Low Risk
0048-PIHNL,0,2.72,0,Low Risk
3967-KXAPS,0,1.53,0,Low Risk
3704-IEAXF,0,0.27,0,Low Risk
6810-VCAEX,0,2.2,0,Low Risk
0674-EYYZV,0,49.13,0,Medium Risk
4480-MBMLB,0,38.14,0,Medium Risk
1395-OFUWC,0,2.29,0,Low Risk
0822-QGCXA,0,22.08,0,Low Risk
2832-KJCRD,0,55.1,1,Medium Risk
3588-WSTTJ,0,44.97,0,Medium Risk
4075-WKNIU,0,1.59,0,Low Risk
5090-EMGTC,0,3.74,0,Low Risk
2346-CZYIL,0,0.54,0,Low Risk
3798-EPWRR,0,15.55,0,Low Risk
6258-NGCNG,0,9.43,0,Low Risk
4186-ZBUEW,0,4.18,0,Low Risk
5274-XHAKY,0,3.01,0,Low Risk
1442-BQPVU,0,37.89,0,Medium Risk
3978-YNKDD,0,0.53,0,Low Risk
4940-KHCWD,0,0.71,0,Low Risk
9589-ABEPT,0,7.21,0,Low Risk
9388-ZEYVT,0,2.66,0,Low Risk
0305-SQECB,0,0.89,0,Low Risk
7605-SNLQG,0,4.08,0,Low Risk
4670-TABXH,0,4.91,0,Low Risk
0064-SUDOG,0,1.94,0,Low Risk
8561-NMTBD,0,3.54,0,Low Risk
5161-XEUVX,0,27.49,0,Low Risk
8292-FRFZQ,0,2.14,0,Low Risk
8591-NXRCV,0,14.47,0,Low Risk
7895-VONWT,0,21.95,0,Low Risk
4526-RMTLL,0,1.65,0,Low Risk
6253-GNHWH,0,0.15,0,Low Risk
4566-NECEV,0,43.34,0,Medium Risk
8080-POTJR,0,5.04,0,Low Risk
6906-MPARY,0,8.62,0,Low Risk
3662-FXJFO,0,0.25,0,Low Risk
8107-RZLNV,0,6.82,0,Low Risk
0516-OOHAR,0,4.05,0,Low Risk
2027-CWDNU,0,32.87,0,Medium Risk
9912-OMZDS,0,3.22,0,Low Risk
3733-ZEECP,0,8.59,0,Low Risk
7878-RTCZG,0,20.66,0,Low Risk
2452-MRMZF,0,1.03,0,Low Risk
7103-IPXPJ,0,25.16,0,Low Risk
4342-HFXWS,0,0.31,0,Low Risk
3545-CNWRG,0,16.77,0,Low Risk
1785-BPHTP,0,17.52,0,Low Risk
4989-LIXVT,0,16.39,0,Low Risk
7315-WYOAW,0,69.73,1,High Risk
1173-XZPYF,0,69.62,1,High Risk
2509-TFPJU,0,0.47,0,Low Risk
9530-GRMJG,0,0.46,0,Low Risk
6898-RBTLU,0,0.67,0,Low Risk
5481-NTDOH,0,14.11,0,Low Risk
2068-WWXQZ,0,0.31,0,Low Risk
2061-VVFST,0,4.91,0,Low Risk
0749-IRGQE,0,80.93,1,High Risk
2380-DAMQP,0,9.09,0,Low Risk
2256-YLYLP,0,0.29,0,Low Risk
1272-ILHFG,0,3.17,0,Low Risk
0164-XAIRP,0,0.63,0,Low Risk
5666-CYCYZ,0,58.8,1,Medium Risk
4011-ARPHK,0,7.77,0,Low Risk
6365-HITVU,0,0.1,0,Low Risk
7558-IMLMT,0,0.36,0,Low Risk
9488-FYQAU,0,4.4,0,Low Risk
3590-TCXTB,0,6.64,0,Low Risk
6994-KERXL,0,41.93,0,Medium Risk
1960-UOTYM,0,2.46,0,Low Risk
2740-JFBOK,0,40.66,0,Medium Risk
6500-JVEGC,0,6.12,0,Low Risk
5245-VDBUR,0,2.72,0,Low Risk
8469-SNFFH,0,1.69,0,Low Risk
2144-ESWKO,0,3.42,0,Low Risk
1241-FPMOF,0,1.74,0,Low Risk
9928-BZVLZ,0,4.37,0,Low Risk
4114-QMKVN,0,0.33,0,Low Risk
2775-SEFEE,0,1.16,0,Low Risk
9003-CPATH,0,32.77,0,Medium Risk
1754-GKYPY,0,35.41,0,Medium Risk
7956-XQWGU,0,10.27,0,Low Risk
1591-MQJTP,0,32.09,0,Medium Risk
2369-FEVNO,0,30.83,0,Medium Risk
7471-MQPOS,0,1.26,0,Low Risk
5115-SQAAU,0,0.21,0,Low Risk
9845-QOMAD,0,1.8,0,Low Risk
7672-VFMXZ,0,4.73,0,Low Risk
9739-JLPQJ,0,0.99,0,Low Risk
9916-AYHTC,0,0.46,0,Low Risk
3855-ONCAR,0,12.96,0,Low Risk
1488-SYSFC,0,2.02,0,Low Risk
0970-QXPXW,0,29.43,0,Low Risk
3259-KNMRR,0,7.31,0,Low Risk
6120-RJKLU,0,2.85,0,Low Risk
9572-WUKSB,0,82.52,1,High Risk
5893-KCLGT,0,0.06,0,Low Risk
0076-LVEPS,0,13.82,0,Low Risk
3640-JQGJG,0,4.47,0,Low Risk
1596-OQSPS,0,26.09,0,Low Risk
9867-XOBQA,0,1.93,0,Low Risk
9546-KDTRB,0,18.25,0,Low Risk
3174-RKMOW,0,13.29,0,Low Risk
1760-CAZHT,0,1.05,0,Low Risk
8441-SHIPE,0,0.88,0,Low Risk
1320-GVNHT,0,2.1,0,Low Risk
1047-RNXZV,0,1.39,0,Low Risk
3541-ZNUHK,0,2.82,0,Low Risk
8725-JEDFD,0,20.33,0,Low Risk
7562-UXTPG,0,41.03,0,Medium Risk
8071-SBTRN,0,9.52,0,Low Risk
6668-CNMFP,0,3.38,0,Low Risk
5626-MGTUK,0,57.01,1,Medium Risk
5681-LLOEI,0,3.38,0,Low Risk
8212-DJRCH,0,15.02,0,Low Risk
4323-OHFOW,0,9.9,0,Low Risk
4933-BSAIP,0,1.02,0,Low Risk
2030-BTZRO,0,0.81,0,Low Risk
1116-DXXDF,0,19.37,0,Low Risk
6563-VNPMN,0,12.37,0,Low Risk
2267-WTPYD,0,27.16,0,Low Risk
0270-THENM,0,0.36,0,Low Risk
4707-MAXGU,0,0.43,0,Low Risk
2710-WYVXG,0,8.46,0,Low Risk
6300-BWMJX,0,18.57,0,Low Risk
7009-LGECI,0,11.97,0,Low Risk
5022-KVDQT,0,37.04,0,Medium Risk
7976-CICYS,0,14.02,0,Low Risk
1036-GUDCL,0,0.49,0,Low Risk
2005-DWQZJ,0,2.28,0,Low Risk
8148-WOCMK,0,0.82,0,Low Risk
7815-PDTHL,0,1.49,0,Low Risk
9173-IVZVP,0,0.19,0,Low Risk
9129-UXERG,0,26.73,0,Low Risk
3635-JBPSG,0,9.3,0,Low Risk
7964-ZRKKG,0,16.41,0,Low Risk
6229-LSCKB,0,57.35,1,Medium Risk
1724-IQWNM,0,4.16,0,Low Risk
8217-QYOHV,0,11.72,0,Low Risk
5546-QUERU,0,3.97,0,Low Risk
6897-UUBNU,0,31.38,0,Medium Risk
6127-IYJOZ,0,16.5,0,Low Risk
8930-XOTDP,0,18.06,0,Low Risk
5916-QEWPT,0,21.43,0,Low Risk
5060-TQUQN,0,6.07,0,Low Risk
0531-XBKMM,0,0.13,0,Low Risk
8465-SBRXP,0,2.02,0,Low Risk
2408-PSJVE,0,0.98,0,Low Risk
9700-ZCLOT,0,19.56,0,Low Risk
8738-JOKAR,0,3.79,0,Low Risk
4534-WGCIR,0,0.14,0,Low Risk
1930-WNXSB,0,9.87,0,Low Risk
3508-CFVZL,0,3.89,0,Low Risk
0657-DOGUM,0,3.44,0,Low Risk
8792-AOROI,0,4.39,0,Low Risk
5146-YYFRZ,0,0.25,0,Low Risk
3452-SRFEG,0,14.5,0,Low Risk
4070-OKWVH,0,29.29,0,Low Risk
5297-MDOIR,0,9.78,0,Low Risk
6369-MCAKO,0,0.42,0,Low Risk
4926-UMJZD,0,11.8,0,Low Risk
6848-HJTXY,0,0.5,0,Low Risk
6341-AEVKX,0,15.23,0,Low Risk
0682-USIXD,0,32.34,0,Medium Risk
6976-BWGLQ,0,0.07,0,Low Risk
7078-NVFAM,0,11.29,0,Low Risk
8065-QBYTO,0,8.43,0,Low Risk
2133-TSRRM,0,16.6,0,Low Risk
2511-ALLCS,0,0.12,0,Low Risk
3191-CSNMG,0,14.83,0,Low Risk
7952-OBOYL,0,32.58,0,Medium Risk
7470-DYNOE,0,14.8,0,Low Risk
7853-OETYL,0,52.72,1,Medium Risk
1545-ACTAS,0,2.19,0,Low Risk
5126-RCXYW,0,0.64,0,Low Risk
2363-BJLSL,0,11.26,0,Low Risk
1956-YIFGE,0,8.14,0,Low Risk
7921-LMDFQ,0,24.75,0,Low Risk
2925-MXLSX,0,4.71,0,Low Risk
5820-PTRYM,0,1.4,0,Low Risk
9609-BENEA,0,15.24,0,Low Risk
6211-WHMYA,0,11.46,0,Low Risk
4459-BBGHE,0,5.47,0,Low Risk
9945-PSVIP,0,1.01,0,Low Risk
9108-EJFJP,0,40.87,0,Medium Risk
0530-IJVDB,0,2.97,0,Low Risk
0508-SQWPL,0,0.05,0,Low Risk
2215-ZAFGX,0,63.16,1,High Risk
8213-TAZPM,0,1.44,0,Low Risk
1304-SEGFY,0,8.98,0,Low Risk
7242-EDTYC,0,0.05,0,Low Risk
2904-GGUAZ,0,2.34,0,Low Risk
5136-GFPMB,0,20.66,0,Low Risk
2595-KIWPV,0,0.22,0,Low Risk
5243-SAOTC,0,20.89,0,Low Risk
9398-MMQTO,0,36.19,0,Medium Risk
7619-PLRLP,0,11.46,0,Low Risk
6508-NJYRO,0,24.07,0,Low Risk
4710-NKCAW,0,6.31,0,Low Risk
5306-BVTKJ,0,1.97,0,Low Risk
0357-NVCRI,0,1.74,0,Low Risk
2371-KFUOG,0,5.96,0,Low Risk
0463-ZSDNT,0,32.73,0,Medium Risk
6257-DTAYD,0,4.4,0,Low Risk
4616-ULAOA,0,2.95,0,Low Risk
7746-AWNQW,0,13.36,0,Low Risk
5996-EBTKM,0,0.6,0,Low Risk
2758-RNWXS,0,18.4,0,Low Risk
2314-TNDJQ,0,0.21,0,Low Risk
2405-LBMUW,0,1.8,0,Low Risk
3454-JFUBC,0,0.56,0,Low Risk
9039-ZVJDC,0,48.05,0,Medium Risk
9013-AQORL,0,0.96,0,Low Risk
2898-MRKPI,0,4.02,0,Low Risk
2750-BJLSB,0,13.62,0,Low Risk
3648-GZPHF,0,2.95,0,Low Risk
2075-RMJIK,0,4.08,0,Low Risk
9588-YRFHY,0,1.77,0,Low Risk
9364-YKUVW,0,20.12,0,Low Risk
5392-AKEMH,0,24.08,0,Low Risk
2451-YMUXS,0,0.38,0,Low Risk
3914-FDRHP,0,32.3,0,Medium Risk
3078-ZKNTS,0,0.87,0,Low Risk
1024-KPRBB,0,33.54,0,Medium Risk
4690-PKDQG,0,62.16,1,High Risk
9547-ITEFG,0,43.97,0,Medium Risk
1264-FUHCX,0,16.77,0,Low Risk
7789-CRUVC,0,12.93,0,Low Risk
6598-KELSS,0,4.03,0,Low Risk
9972-VAFJJ,0,27.98,0,Low Risk
0422-UXFAP,0,49.71,0,Medium Risk
1904-WAJAA,0,2.64,0,Low Risk
5130-YPIRV,0,1.89,0,Low Risk
2843-CQMEG,0,35.45,0,Medium Risk
6439-PKTRR,0,0.67,0,Low Risk
5351-QESIO,0,23.8,0,Low Risk
5568-DMXZS,0,42.04,0,Medium Risk
8468-FZTOE,0,0.3,0,Low Risk
6633-SYEUS,0,25.54,0,Low Risk
6447-GORXK,0,7.44,0,Low Risk
6967-PEJLL,0,8.91,0,Low Risk
5981-ZVXOT,0,28.36,0,Low Risk
1684-FLBGS,0,7.75,0,Low Risk
1389-WNUIB,0,9.54,0,Low Risk
0376-OIWME,0,49.46,0,Medium Risk
0218-QNVAS,0,1.7,0,Low Risk
0804-YGEQV,0,2.24,0,Low Risk
7164-BPTUT,0,0.39,0,Low Risk
2523-EWWZL,0,47.9,0,Medium Risk
0928-XUTSN,0,33.02,0,Medium Risk
0052-YNYOT,0,0.57,0,Low Risk
9586-JGQKH,0,3.63,0,Low Risk
4501-VCPFK,0,21.01,0,Low Risk
6075-SLNIL,0,38.17,0,Medium Risk
9347-AERRL,0,4.94,0,Low Risk
2274-XUATA,0,1.52,0,Low Risk
6691-CCIHA,0,2.82,0,Low Risk
1685-BQULA,0,34.0,0,Medium Risk
9053-EJUNL,0,31.39,0,Medium Risk
0666-UXTJO,0,25.11,0,Low Risk
1471-GIQKQ,0,61.61,1,High Risk
4807-IZYOZ,0,2.29,0,Low Risk
9710-NJERN,0,0.68,0,Low Risk
9837-FWLCH,0,5.13,0,Low Risk
7203-OYKCT,0,7.39,0,Low Risk
1035-IPQPU,0,58.45,1,Medium Risk
7398-LXGYX,0,14.75,0,Low Risk
2823-LKABH,0,41.99,0,Medium Risk
0550-DCXLH,0,38.23,0,Medium Risk
9281-CEDRU,0,0.78,0,Low Risk
2235-DWLJU,0,50.66,1,Medium Risk
0871-OPBXW,0,26.68,0,Low Risk
3605-JISKB,0,1.56,0,Low Risk
9767-FFLEM,0,35.33,0,Medium Risk
8456-QDAVC,0,34.16,0,Medium Risk
7750-EYXWZ,0,15.69,0,Low Risk
2569-WGERO,0,0.65,0,Low Risk
6840-RESVB,0,6.08,0,Low Risk
2234-XADUH,0,1.71,0,Low Risk
4801-JZAZL,0,29.76,0,Low Risk
3186-AJIEK,0,4.44,0,Low Risk
